,LATITUDE,LONGITUDE,COUNT
0,43.59,-79.526,1
1,43.592,-79.542,1
2,43.592,-79.541,1
3,43.592,-79.534,1
4,43.593,-79.541,1
5,43.593,-79.538,3
6,43.593,-79.537,1
7,43.594,-79.534,2
8,43.594,-79.533,3
9,43.594,-79.531,1
10,43.595,-79.528,1
11,43.597,-79.522,1
12,43.598,-79.517,1
13,43.598,-79.516,3
14,43.599,-79.544,1
15,43.599,-79.525,1
16,43.599,-79.521,1
17,43.599,-79.517,1
18,43.599,-79.512,1
19,43.599,-79.508,1
20,43.6,-79.519,1
21,43.6,-79.517,1
22,43.6,-79.507,1
23,43.6,-79.506,1
24,43.6,-79.504,2
25,43.601,-79.545,3
26,43.601,-79.516,1
27,43.601,-79.507,1
28,43.601,-79.502,2
29,43.601,-79.501,1
30,43.602,-79.545,1
31,43.602,-79.543,1
32,43.602,-79.54,1
33,43.602,-79.511,1
34,43.602,-79.51,2
35,43.602,-79.499,1
36,43.602,-79.497,2
37,43.603,-79.554,1
38,43.603,-79.546,1
39,43.603,-79.538,1
40,43.603,-79.506,2
41,43.603,-79.503,1
42,43.603,-79.493,2
43,43.604,-79.533,1
44,43.604,-79.531,1
45,43.604,-79.519,3
46,43.605,-79.547,1
47,43.605,-79.494,1
48,43.605,-79.493,1
49,43.605,-79.491,1
50,43.606,-79.547,2
51,43.606,-79.49,1
52,43.607,-79.49,1
53,43.608,-79.556,1
54,43.608,-79.49,1
55,43.609,-79.49,1
56,43.61,-79.561,2
57,43.61,-79.537,1
58,43.61,-79.495,2
59,43.61,-79.488,1
60,43.611,-79.543,1
61,43.611,-79.489,1
62,43.612,-79.562,1
63,43.612,-79.515,1
64,43.612,-79.496,1
65,43.612,-79.491,1
66,43.613,-79.56,1
67,43.613,-79.551,1
68,43.614,-79.556,4
69,43.614,-79.555,1
70,43.614,-79.554,1
71,43.614,-79.546,1
72,43.614,-79.523,1
73,43.614,-79.517,1
74,43.614,-79.494,1
75,43.614,-79.492,1
76,43.614,-79.489,1
77,43.615,-79.552,1
78,43.615,-79.55,1
79,43.615,-79.536,1
80,43.615,-79.535,1
81,43.615,-79.524,2
82,43.615,-79.5,1
83,43.615,-79.498,1
84,43.615,-79.49,1
85,43.616,-79.557,1
86,43.616,-79.546,1
87,43.616,-79.534,1
88,43.616,-79.533,2
89,43.616,-79.531,1
90,43.616,-79.518,1
91,43.616,-79.498,1
92,43.617,-79.541,1
93,43.617,-79.529,1
94,43.617,-79.526,1
95,43.617,-79.524,1
96,43.617,-79.498,4
97,43.618,-79.564,1
98,43.618,-79.537,1
99,43.618,-79.524,3
100,43.618,-79.522,1
101,43.618,-79.52,2
102,43.618,-79.511,3
103,43.618,-79.506,1
104,43.618,-79.499,1
105,43.618,-79.486,2
106,43.619,-79.553,1
107,43.619,-79.532,1
108,43.619,-79.525,1
109,43.619,-79.499,1
110,43.619,-79.496,1
111,43.62,-79.527,1
112,43.62,-79.526,1
113,43.62,-79.513,2
114,43.62,-79.511,3
115,43.62,-79.51,1
116,43.62,-79.509,1
117,43.62,-79.5,2
118,43.62,-79.483,1
119,43.621,-79.56,1
120,43.621,-79.545,1
121,43.621,-79.543,1
122,43.621,-79.525,2
123,43.621,-79.524,1
124,43.621,-79.523,2
125,43.621,-79.509,1
126,43.621,-79.5,2
127,43.622,-79.549,1
128,43.622,-79.503,1
129,43.622,-79.502,1
130,43.622,-79.497,1
131,43.622,-79.481,3
132,43.623,-79.535,2
133,43.623,-79.514,2
134,43.623,-79.502,1
135,43.623,-79.499,1
136,43.623,-79.496,1
137,43.623,-79.483,1
138,43.623,-79.481,1
139,43.623,-79.477,1
140,43.624,-79.515,1
141,43.624,-79.511,1
142,43.624,-79.51,1
143,43.624,-79.508,1
144,43.625,-79.528,1
145,43.625,-79.495,1
146,43.625,-79.488,1
147,43.626,-79.528,3
148,43.626,-79.526,1
149,43.626,-79.502,1
150,43.626,-79.501,1
151,43.626,-79.487,1
152,43.626,-79.479,1
153,43.627,-79.562,2
154,43.627,-79.542,1
155,43.627,-79.495,1
156,43.627,-79.481,1
157,43.628,-79.558,1
158,43.628,-79.554,4
159,43.628,-79.516,1
160,43.628,-79.503,3
161,43.628,-79.491,1
162,43.628,-79.49,1
163,43.628,-79.478,1
164,43.628,-79.475,1
165,43.629,-79.553,1
166,43.629,-79.49,1
167,43.629,-79.487,1
168,43.629,-79.478,1
169,43.629,-79.425,2
170,43.63,-79.563,1
171,43.63,-79.517,1
172,43.63,-79.484,2
173,43.63,-79.483,1
174,43.63,-79.482,1
175,43.63,-79.481,1
176,43.63,-79.427,2
177,43.63,-79.426,1
178,43.63,-79.425,1
179,43.63,-79.424,1
180,43.63,-79.419,4
181,43.631,-79.576,1
182,43.631,-79.575,1
183,43.631,-79.552,3
184,43.631,-79.531,1
185,43.631,-79.432,1
186,43.631,-79.429,1
187,43.632,-79.575,1
188,43.632,-79.544,1
189,43.632,-79.543,1
190,43.632,-79.531,1
191,43.632,-79.524,1
192,43.632,-79.476,1
193,43.632,-79.473,1
194,43.632,-79.434,2
195,43.632,-79.433,1
196,43.632,-79.432,1
197,43.632,-79.429,1
198,43.632,-79.41,3
199,43.633,-79.57,4
200,43.633,-79.52,1
201,43.633,-79.472,1
202,43.633,-79.437,3
203,43.633,-79.436,1
204,43.633,-79.435,2
205,43.633,-79.434,5
206,43.633,-79.427,1
207,43.634,-79.567,1
208,43.634,-79.506,1
209,43.634,-79.472,1
210,43.634,-79.471,3
211,43.634,-79.47,1
212,43.634,-79.439,1
213,43.634,-79.438,2
214,43.634,-79.437,2
215,43.634,-79.435,1
216,43.634,-79.425,1
217,43.634,-79.421,1
218,43.634,-79.408,5
219,43.635,-79.563,2
220,43.635,-79.562,1
221,43.635,-79.561,1
222,43.635,-79.526,1
223,43.635,-79.513,1
224,43.635,-79.474,1
225,43.635,-79.473,1
226,43.635,-79.472,1
227,43.635,-79.442,1
228,43.635,-79.441,1
229,43.635,-79.44,1
230,43.635,-79.403,1
231,43.635,-79.397,1
232,43.636,-79.567,1
233,43.636,-79.556,2
234,43.636,-79.54,2
235,43.636,-79.506,1
236,43.636,-79.475,2
237,43.636,-79.474,2
238,43.636,-79.472,1
239,43.636,-79.468,1
240,43.636,-79.466,1
241,43.636,-79.463,1
242,43.636,-79.446,1
243,43.636,-79.445,2
244,43.636,-79.444,2
245,43.636,-79.443,1
246,43.636,-79.442,1
247,43.636,-79.441,1
248,43.636,-79.435,1
249,43.636,-79.409,1
250,43.636,-79.406,1
251,43.636,-79.402,1
252,43.636,-79.401,1
253,43.636,-79.4,1
254,43.636,-79.399,7
255,43.637,-79.537,1
256,43.637,-79.47,1
257,43.637,-79.469,2
258,43.637,-79.463,1
259,43.637,-79.458,2
260,43.637,-79.457,2
261,43.637,-79.448,1
262,43.637,-79.447,2
263,43.637,-79.446,2
264,43.637,-79.436,1
265,43.637,-79.435,3
266,43.637,-79.434,2
267,43.637,-79.433,1
268,43.637,-79.431,2
269,43.637,-79.428,1
270,43.637,-79.419,1
271,43.637,-79.412,1
272,43.637,-79.403,1
273,43.637,-79.401,1
274,43.637,-79.399,1
275,43.637,-79.398,1
276,43.637,-79.397,2
277,43.637,-79.395,1
278,43.637,-79.39,1
279,43.638,-79.551,2
280,43.638,-79.547,1
281,43.638,-79.537,2
282,43.638,-79.457,1
283,43.638,-79.453,1
284,43.638,-79.446,1
285,43.638,-79.436,1
286,43.638,-79.431,1
287,43.638,-79.429,1
288,43.638,-79.428,1
289,43.638,-79.427,2
290,43.638,-79.4,1
291,43.638,-79.392,1
292,43.638,-79.391,1
293,43.638,-79.39,1
294,43.638,-79.388,1
295,43.638,-79.387,1
296,43.638,-79.386,3
297,43.639,-79.584,1
298,43.639,-79.583,1
299,43.639,-79.547,1
300,43.639,-79.46,1
301,43.639,-79.456,1
302,43.639,-79.451,1
303,43.639,-79.45,1
304,43.639,-79.448,1
305,43.639,-79.442,1
306,43.639,-79.439,2
307,43.639,-79.435,1
308,43.639,-79.424,2
309,43.639,-79.423,1
310,43.639,-79.397,1
311,43.639,-79.392,1
312,43.639,-79.386,3
313,43.639,-79.383,1
314,43.639,-79.382,2
315,43.639,-79.381,2
316,43.639,-79.38,5
317,43.639,-79.346,1
318,43.639,-79.345,1
319,43.64,-79.557,1
320,43.64,-79.539,1
321,43.64,-79.49,1
322,43.64,-79.454,1
323,43.64,-79.438,1
324,43.64,-79.437,2
325,43.64,-79.436,2
326,43.64,-79.434,2
327,43.64,-79.427,1
328,43.64,-79.423,1
329,43.64,-79.417,2
330,43.64,-79.411,2
331,43.64,-79.401,2
332,43.64,-79.392,2
333,43.64,-79.388,1
334,43.64,-79.383,3
335,43.64,-79.38,1
336,43.64,-79.378,1
337,43.641,-79.579,1
338,43.641,-79.559,1
339,43.641,-79.521,1
340,43.641,-79.454,1
341,43.641,-79.447,1
342,43.641,-79.446,2
343,43.641,-79.434,3
344,43.641,-79.433,1
345,43.641,-79.428,1
346,43.641,-79.415,2
347,43.641,-79.411,1
348,43.641,-79.401,2
349,43.641,-79.393,1
350,43.641,-79.391,2
351,43.641,-79.38,2
352,43.641,-79.379,1
353,43.641,-79.375,1
354,43.641,-79.349,1
355,43.642,-79.575,1
356,43.642,-79.574,1
357,43.642,-79.565,3
358,43.642,-79.535,1
359,43.642,-79.522,1
360,43.642,-79.507,1
361,43.642,-79.432,1
362,43.642,-79.429,1
363,43.642,-79.428,3
364,43.642,-79.427,3
365,43.642,-79.426,1
366,43.642,-79.425,1
367,43.642,-79.414,1
368,43.642,-79.411,2
369,43.642,-79.408,1
370,43.642,-79.402,1
371,43.642,-79.395,1
372,43.642,-79.393,1
373,43.642,-79.383,2
374,43.642,-79.382,1
375,43.642,-79.381,1
376,43.642,-79.377,6
377,43.642,-79.373,1
378,43.642,-79.34,1
379,43.643,-79.573,1
380,43.643,-79.572,3
381,43.643,-79.53,1
382,43.643,-79.484,1
383,43.643,-79.455,1
384,43.643,-79.439,1
385,43.643,-79.437,1
386,43.643,-79.433,1
387,43.643,-79.424,1
388,43.643,-79.421,2
389,43.643,-79.405,1
390,43.643,-79.404,1
391,43.643,-79.403,2
392,43.643,-79.402,1
393,43.643,-79.391,4
394,43.643,-79.389,1
395,43.643,-79.388,1
396,43.643,-79.384,1
397,43.643,-79.378,1
398,43.643,-79.377,1
399,43.643,-79.368,1
400,43.644,-79.567,4
401,43.644,-79.524,1
402,43.644,-79.523,2
403,43.644,-79.458,1
404,43.644,-79.456,1
405,43.644,-79.429,1
406,43.644,-79.416,2
407,43.644,-79.415,1
408,43.644,-79.406,1
409,43.644,-79.402,1
410,43.644,-79.401,1
411,43.644,-79.4,2
412,43.644,-79.397,2
413,43.644,-79.394,1
414,43.644,-79.391,1
415,43.644,-79.384,1
416,43.644,-79.382,1
417,43.644,-79.378,1
418,43.644,-79.375,6
419,43.644,-79.374,1
420,43.645,-79.561,1
421,43.645,-79.531,1
422,43.645,-79.523,2
423,43.645,-79.518,1
424,43.645,-79.51,1
425,43.645,-79.448,1
426,43.645,-79.438,1
427,43.645,-79.413,1
428,43.645,-79.412,1
429,43.645,-79.41,1
430,43.645,-79.409,3
431,43.645,-79.406,3
432,43.645,-79.403,3
433,43.645,-79.4,1
434,43.645,-79.399,1
435,43.645,-79.396,1
436,43.645,-79.394,2
437,43.645,-79.392,1
438,43.645,-79.39,1
439,43.645,-79.389,1
440,43.645,-79.386,1
441,43.645,-79.383,1
442,43.645,-79.379,1
443,43.645,-79.378,2
444,43.645,-79.371,1
445,43.645,-79.37,1
446,43.645,-79.369,7
447,43.645,-79.368,1
448,43.645,-79.365,1
449,43.645,-79.364,1
450,43.645,-79.363,1
451,43.645,-79.352,1
452,43.646,-79.559,2
453,43.646,-79.53,1
454,43.646,-79.513,1
455,43.646,-79.507,1
456,43.646,-79.449,3
457,43.646,-79.43,1
458,43.646,-79.423,1
459,43.646,-79.417,1
460,43.646,-79.416,1
461,43.646,-79.409,1
462,43.646,-79.406,1
463,43.646,-79.403,4
464,43.646,-79.401,1
465,43.646,-79.398,1
466,43.646,-79.395,1
467,43.646,-79.392,1
468,43.646,-79.391,2
469,43.646,-79.389,2
470,43.646,-79.385,1
471,43.646,-79.384,3
472,43.646,-79.383,1
473,43.646,-79.382,3
474,43.646,-79.377,1
475,43.646,-79.376,4
476,43.646,-79.374,1
477,43.646,-79.37,1
478,43.646,-79.367,1
479,43.646,-79.366,3
480,43.647,-79.568,1
481,43.647,-79.559,1
482,43.647,-79.529,2
483,43.647,-79.526,1
484,43.647,-79.525,1
485,43.647,-79.524,1
486,43.647,-79.511,3
487,43.647,-79.486,1
488,43.647,-79.437,1
489,43.647,-79.43,2
490,43.647,-79.424,1
491,43.647,-79.42,1
492,43.647,-79.404,1
493,43.647,-79.403,6
494,43.647,-79.402,2
495,43.647,-79.401,1
496,43.647,-79.399,1
497,43.647,-79.395,2
498,43.647,-79.392,2
499,43.647,-79.39,2
500,43.647,-79.387,1
501,43.647,-79.386,4
502,43.647,-79.384,4
503,43.647,-79.379,4
504,43.647,-79.377,6
505,43.647,-79.375,2
506,43.647,-79.373,1
507,43.648,-79.564,1
508,43.648,-79.551,1
509,43.648,-79.548,2
510,43.648,-79.529,1
511,43.648,-79.528,1
512,43.648,-79.507,1
513,43.648,-79.505,1
514,43.648,-79.49,1
515,43.648,-79.485,3
516,43.648,-79.475,2
517,43.648,-79.457,3
518,43.648,-79.45,1
519,43.648,-79.404,3
520,43.648,-79.399,1
521,43.648,-79.397,4
522,43.648,-79.396,2
523,43.648,-79.395,2
524,43.648,-79.393,1
525,43.648,-79.388,1
526,43.648,-79.386,1
527,43.648,-79.385,6
528,43.648,-79.382,1
529,43.648,-79.381,3
530,43.648,-79.38,4
531,43.648,-79.379,2
532,43.648,-79.377,1
533,43.648,-79.373,1
534,43.648,-79.371,4
535,43.648,-79.37,3
536,43.648,-79.367,1
537,43.648,-79.361,1
538,43.648,-79.355,1
539,43.648,-79.354,3
540,43.648,-79.352,1
541,43.648,-79.349,1
542,43.648,-79.344,1
543,43.648,-79.327,1
544,43.649,-79.531,1
545,43.649,-79.528,1
546,43.649,-79.495,2
547,43.649,-79.484,1
548,43.649,-79.481,1
549,43.649,-79.45,1
550,43.649,-79.444,1
551,43.649,-79.435,1
552,43.649,-79.433,2
553,43.649,-79.431,5
554,43.649,-79.429,1
555,43.649,-79.428,1
556,43.649,-79.425,1
557,43.649,-79.424,2
558,43.649,-79.423,1
559,43.649,-79.422,1
560,43.649,-79.421,1
561,43.649,-79.42,4
562,43.649,-79.419,1
563,43.649,-79.418,2
564,43.649,-79.416,1
565,43.649,-79.396,1
566,43.649,-79.394,2
567,43.649,-79.393,1
568,43.649,-79.391,1
569,43.649,-79.39,2
570,43.649,-79.387,3
571,43.649,-79.384,1
572,43.649,-79.382,1
573,43.649,-79.38,2
574,43.649,-79.377,1
575,43.649,-79.376,1
576,43.649,-79.374,2
577,43.649,-79.371,1
578,43.649,-79.367,1
579,43.649,-79.356,3
580,43.649,-79.352,1
581,43.649,-79.343,1
582,43.65,-79.581,3
583,43.65,-79.568,1
584,43.65,-79.54,2
585,43.65,-79.539,1
586,43.65,-79.498,1
587,43.65,-79.48,2
588,43.65,-79.479,1
589,43.65,-79.478,2
590,43.65,-79.458,1
591,43.65,-79.45,1
592,43.65,-79.443,1
593,43.65,-79.442,2
594,43.65,-79.441,2
595,43.65,-79.44,1
596,43.65,-79.439,8
597,43.65,-79.438,1
598,43.65,-79.413,2
599,43.65,-79.406,1
600,43.65,-79.397,2
601,43.65,-79.391,1
602,43.65,-79.389,2
603,43.65,-79.388,2
604,43.65,-79.387,3
605,43.65,-79.386,13
606,43.65,-79.384,1
607,43.65,-79.38,1
608,43.65,-79.378,3
609,43.65,-79.377,1
610,43.65,-79.367,1
611,43.65,-79.363,1
612,43.65,-79.348,3
613,43.65,-79.347,1
614,43.65,-79.346,3
615,43.651,-79.603,2
616,43.651,-79.579,1
617,43.651,-79.57,2
618,43.651,-79.569,1
619,43.651,-79.526,2
620,43.651,-79.485,1
621,43.651,-79.476,4
622,43.651,-79.475,2
623,43.651,-79.472,1
624,43.651,-79.458,1
625,43.651,-79.445,2
626,43.651,-79.439,1
627,43.651,-79.436,2
628,43.651,-79.421,1
629,43.651,-79.411,1
630,43.651,-79.41,3
631,43.651,-79.409,2
632,43.651,-79.408,4
633,43.651,-79.402,1
634,43.651,-79.397,3
635,43.651,-79.391,1
636,43.651,-79.386,1
637,43.651,-79.385,1
638,43.651,-79.384,2
639,43.651,-79.383,2
640,43.651,-79.382,1
641,43.651,-79.381,5
642,43.651,-79.379,1
643,43.651,-79.378,2
644,43.651,-79.377,3
645,43.651,-79.375,2
646,43.651,-79.374,2
647,43.651,-79.372,1
648,43.651,-79.371,1
649,43.651,-79.369,1
650,43.651,-79.368,1
651,43.651,-79.367,3
652,43.651,-79.362,3
653,43.651,-79.357,1
654,43.651,-79.349,1
655,43.651,-79.339,1
656,43.652,-79.485,1
657,43.652,-79.471,1
658,43.652,-79.469,1
659,43.652,-79.448,1
660,43.652,-79.437,1
661,43.652,-79.432,4
662,43.652,-79.431,1
663,43.652,-79.43,1
664,43.652,-79.429,2
665,43.652,-79.421,1
666,43.652,-79.411,1
667,43.652,-79.406,2
668,43.652,-79.405,4
669,43.652,-79.404,3
670,43.652,-79.401,2
671,43.652,-79.399,1
672,43.652,-79.398,1
673,43.652,-79.397,4
674,43.652,-79.396,1
675,43.652,-79.382,1
676,43.652,-79.379,1
677,43.652,-79.378,2
678,43.652,-79.376,1
679,43.652,-79.375,1
680,43.652,-79.372,3
681,43.652,-79.368,1
682,43.652,-79.367,1
683,43.652,-79.364,3
684,43.652,-79.363,4
685,43.653,-79.572,1
686,43.653,-79.563,1
687,43.653,-79.524,1
688,43.653,-79.514,2
689,43.653,-79.486,1
690,43.653,-79.466,1
691,43.653,-79.463,1
692,43.653,-79.451,2
693,43.653,-79.441,1
694,43.653,-79.432,1
695,43.653,-79.428,1
696,43.653,-79.426,1
697,43.653,-79.422,1
698,43.653,-79.397,1
699,43.653,-79.396,2
700,43.653,-79.393,2
701,43.653,-79.379,1
702,43.653,-79.378,1
703,43.653,-79.375,3
704,43.653,-79.373,3
705,43.653,-79.366,1
706,43.653,-79.363,1
707,43.653,-79.358,1
708,43.653,-79.349,1
709,43.653,-79.348,1
710,43.653,-79.341,2
711,43.653,-79.34,4
712,43.654,-79.565,1
713,43.654,-79.564,2
714,43.654,-79.551,1
715,43.654,-79.523,1
716,43.654,-79.48,1
717,43.654,-79.46,2
718,43.654,-79.459,1
719,43.654,-79.433,2
720,43.654,-79.422,3
721,43.654,-79.421,1
722,43.654,-79.42,3
723,43.654,-79.415,1
724,43.654,-79.406,3
725,43.654,-79.398,5
726,43.654,-79.391,1
727,43.654,-79.388,3
728,43.654,-79.386,1
729,43.654,-79.385,1
730,43.654,-79.383,1
731,43.654,-79.379,2
732,43.654,-79.378,2
733,43.654,-79.376,1
734,43.654,-79.373,2
735,43.654,-79.369,6
736,43.654,-79.368,1
737,43.654,-79.367,1
738,43.654,-79.366,1
739,43.654,-79.365,1
740,43.654,-79.363,2
741,43.654,-79.362,2
742,43.654,-79.36,1
743,43.654,-79.337,7
744,43.655,-79.598,2
745,43.655,-79.522,1
746,43.655,-79.514,1
747,43.655,-79.487,1
748,43.655,-79.457,1
749,43.655,-79.456,1
750,43.655,-79.452,3
751,43.655,-79.445,1
752,43.655,-79.433,3
753,43.655,-79.43,1
754,43.655,-79.418,1
755,43.655,-79.412,2
756,43.655,-79.411,2
757,43.655,-79.399,7
758,43.655,-79.398,2
759,43.655,-79.388,3
760,43.655,-79.386,2
761,43.655,-79.385,2
762,43.655,-79.383,3
763,43.655,-79.382,2
764,43.655,-79.379,3
765,43.655,-79.374,1
766,43.655,-79.373,1
767,43.655,-79.365,1
768,43.655,-79.362,1
769,43.655,-79.358,1
770,43.655,-79.357,1
771,43.655,-79.355,1
772,43.656,-79.565,1
773,43.656,-79.557,1
774,43.656,-79.521,1
775,43.656,-79.452,10
776,43.656,-79.433,1
777,43.656,-79.427,1
778,43.656,-79.423,2
779,43.656,-79.409,1
780,43.656,-79.408,2
781,43.656,-79.407,6
782,43.656,-79.406,2
783,43.656,-79.405,2
784,43.656,-79.402,1
785,43.656,-79.399,3
786,43.656,-79.394,1
787,43.656,-79.39,2
788,43.656,-79.388,3
789,43.656,-79.387,1
790,43.656,-79.382,3
791,43.656,-79.381,2
792,43.656,-79.38,2
793,43.656,-79.378,1
794,43.656,-79.377,2
795,43.656,-79.375,1
796,43.656,-79.374,2
797,43.656,-79.366,1
798,43.656,-79.364,3
799,43.656,-79.362,1
800,43.656,-79.361,1
801,43.656,-79.357,1
802,43.656,-79.353,1
803,43.656,-79.352,1
804,43.656,-79.351,1
805,43.656,-79.348,2
806,43.656,-79.347,1
807,43.656,-79.346,1
808,43.657,-79.568,1
809,43.657,-79.555,1
810,43.657,-79.542,1
811,43.657,-79.509,1
812,43.657,-79.479,1
813,43.657,-79.478,1
814,43.657,-79.452,1
815,43.657,-79.447,2
816,43.657,-79.445,1
817,43.657,-79.423,2
818,43.657,-79.422,1
819,43.657,-79.408,2
820,43.657,-79.405,1
821,43.657,-79.404,1
822,43.657,-79.403,1
823,43.657,-79.4,3
824,43.657,-79.399,1
825,43.657,-79.395,1
826,43.657,-79.389,3
827,43.657,-79.388,1
828,43.657,-79.381,3
829,43.657,-79.374,4
830,43.657,-79.373,3
831,43.657,-79.372,2
832,43.657,-79.37,1
833,43.657,-79.356,1
834,43.657,-79.355,1
835,43.657,-79.354,1
836,43.657,-79.353,1
837,43.657,-79.342,1
838,43.657,-79.341,1
839,43.657,-79.331,1
840,43.658,-79.517,1
841,43.658,-79.516,1
842,43.658,-79.488,1
843,43.658,-79.461,1
844,43.658,-79.453,3
845,43.658,-79.452,1
846,43.658,-79.443,2
847,43.658,-79.442,4
848,43.658,-79.441,1
849,43.658,-79.44,2
850,43.658,-79.439,1
851,43.658,-79.434,1
852,43.658,-79.424,1
853,43.658,-79.4,1
854,43.658,-79.399,1
855,43.658,-79.398,1
856,43.658,-79.395,1
857,43.658,-79.394,1
858,43.658,-79.393,1
859,43.658,-79.389,2
860,43.658,-79.386,2
861,43.658,-79.385,1
862,43.658,-79.384,2
863,43.658,-79.378,1
864,43.658,-79.377,3
865,43.658,-79.375,1
866,43.658,-79.372,2
867,43.658,-79.37,7
868,43.658,-79.359,1
869,43.658,-79.352,3
870,43.658,-79.351,1
871,43.658,-79.35,1
872,43.658,-79.349,4
873,43.658,-79.338,4
874,43.659,-79.594,1
875,43.659,-79.583,1
876,43.659,-79.543,1
877,43.659,-79.513,1
878,43.659,-79.51,1
879,43.659,-79.491,1
880,43.659,-79.484,1
881,43.659,-79.442,1
882,43.659,-79.438,1
883,43.659,-79.435,4
884,43.659,-79.434,1
885,43.659,-79.421,1
886,43.659,-79.419,1
887,43.659,-79.409,3
888,43.659,-79.4,1
889,43.659,-79.399,1
890,43.659,-79.398,1
891,43.659,-79.393,1
892,43.659,-79.39,4
893,43.659,-79.385,1
894,43.659,-79.382,4
895,43.659,-79.381,1
896,43.659,-79.375,2
897,43.659,-79.366,2
898,43.659,-79.365,2
899,43.659,-79.364,1
900,43.659,-79.357,1
901,43.659,-79.349,1
902,43.659,-79.348,1
903,43.659,-79.347,2
904,43.659,-79.346,2
905,43.659,-79.345,1
906,43.659,-79.328,2
907,43.66,-79.583,1
908,43.66,-79.517,1
909,43.66,-79.51,1
910,43.66,-79.479,1
911,43.66,-79.443,4
912,43.66,-79.435,1
913,43.66,-79.434,1
914,43.66,-79.432,2
915,43.66,-79.431,1
916,43.66,-79.43,1
917,43.66,-79.413,1
918,43.66,-79.397,1
919,43.66,-79.387,1
920,43.66,-79.385,3
921,43.66,-79.382,2
922,43.66,-79.378,1
923,43.66,-79.375,2
924,43.66,-79.374,1
925,43.66,-79.373,1
926,43.66,-79.37,1
927,43.66,-79.366,2
928,43.66,-79.362,1
929,43.66,-79.361,1
930,43.66,-79.354,1
931,43.66,-79.344,1
932,43.66,-79.342,1
933,43.66,-79.34,1
934,43.66,-79.339,1
935,43.66,-79.33,1
936,43.661,-79.543,2
937,43.661,-79.517,3
938,43.661,-79.489,1
939,43.661,-79.462,1
940,43.661,-79.45,1
941,43.661,-79.429,2
942,43.661,-79.426,1
943,43.661,-79.425,4
944,43.661,-79.41,1
945,43.661,-79.409,3
946,43.661,-79.401,1
947,43.661,-79.4,1
948,43.661,-79.39,1
949,43.661,-79.389,1
950,43.661,-79.384,1
951,43.661,-79.383,2
952,43.661,-79.381,1
953,43.661,-79.38,1
954,43.661,-79.379,1
955,43.661,-79.372,1
956,43.661,-79.366,4
957,43.661,-79.358,2
958,43.661,-79.357,1
959,43.661,-79.35,1
960,43.661,-79.34,2
961,43.662,-79.576,1
962,43.662,-79.531,2
963,43.662,-79.47,1
964,43.662,-79.469,1
965,43.662,-79.455,1
966,43.662,-79.444,1
967,43.662,-79.442,1
968,43.662,-79.436,2
969,43.662,-79.429,2
970,43.662,-79.425,2
971,43.662,-79.423,1
972,43.662,-79.41,2
973,43.662,-79.404,1
974,43.662,-79.387,1
975,43.662,-79.386,3
976,43.662,-79.377,2
977,43.662,-79.376,3
978,43.662,-79.374,2
979,43.662,-79.372,2
980,43.662,-79.368,1
981,43.662,-79.367,1
982,43.662,-79.363,1
983,43.662,-79.362,1
984,43.662,-79.352,1
985,43.662,-79.351,4
986,43.662,-79.349,1
987,43.662,-79.34,1
988,43.662,-79.335,1
989,43.662,-79.334,1
990,43.662,-79.332,4
991,43.662,-79.314,1
992,43.663,-79.585,1
993,43.663,-79.582,1
994,43.663,-79.521,1
995,43.663,-79.518,1
996,43.663,-79.49,1
997,43.663,-79.481,1
998,43.663,-79.467,1
999,43.663,-79.463,4
1000,43.663,-79.462,1
1001,43.663,-79.458,1
1002,43.663,-79.45,1
1003,43.663,-79.445,1
1004,43.663,-79.426,1
1005,43.663,-79.419,1
1006,43.663,-79.418,2
1007,43.663,-79.417,2
1008,43.663,-79.413,1
1009,43.663,-79.41,2
1010,43.663,-79.402,4
1011,43.663,-79.392,1
1012,43.663,-79.39,1
1013,43.663,-79.385,1
1014,43.663,-79.384,4
1015,43.663,-79.383,2
1016,43.663,-79.379,1
1017,43.663,-79.373,2
1018,43.663,-79.372,1
1019,43.663,-79.371,1
1020,43.663,-79.369,2
1021,43.663,-79.367,1
1022,43.663,-79.359,2
1023,43.663,-79.358,1
1024,43.663,-79.351,1
1025,43.663,-79.341,1
1026,43.663,-79.339,1
1027,43.663,-79.33,2
1028,43.663,-79.328,2
1029,43.663,-79.326,1
1030,43.663,-79.307,1
1031,43.664,-79.573,1
1032,43.664,-79.531,1
1033,43.664,-79.482,1
1034,43.664,-79.464,1
1035,43.664,-79.458,1
1036,43.664,-79.456,2
1037,43.664,-79.437,2
1038,43.664,-79.426,2
1039,43.664,-79.418,1
1040,43.664,-79.416,1
1041,43.664,-79.414,1
1042,43.664,-79.413,2
1043,43.664,-79.398,1
1044,43.664,-79.387,2
1045,43.664,-79.384,1
1046,43.664,-79.377,1
1047,43.664,-79.372,1
1048,43.664,-79.368,2
1049,43.664,-79.367,2
1050,43.664,-79.355,6
1051,43.664,-79.343,1
1052,43.664,-79.342,1
1053,43.664,-79.341,1
1054,43.664,-79.326,1
1055,43.664,-79.325,1
1056,43.664,-79.323,1
1057,43.664,-79.306,1
1058,43.665,-79.587,1
1059,43.665,-79.586,1
1060,43.665,-79.499,2
1061,43.665,-79.498,1
1062,43.665,-79.491,4
1063,43.665,-79.485,1
1064,43.665,-79.482,3
1065,43.665,-79.476,1
1066,43.665,-79.47,1
1067,43.665,-79.469,1
1068,43.665,-79.468,1
1069,43.665,-79.465,1
1070,43.665,-79.464,3
1071,43.665,-79.454,1
1072,43.665,-79.451,2
1073,43.665,-79.45,1
1074,43.665,-79.446,1
1075,43.665,-79.437,1
1076,43.665,-79.416,1
1077,43.665,-79.411,4
1078,43.665,-79.409,3
1079,43.665,-79.408,1
1080,43.665,-79.407,2
1081,43.665,-79.403,1
1082,43.665,-79.393,1
1083,43.665,-79.391,1
1084,43.665,-79.387,1
1085,43.665,-79.38,2
1086,43.665,-79.378,1
1087,43.665,-79.377,1
1088,43.665,-79.375,1
1089,43.665,-79.356,1
1090,43.665,-79.355,1
1091,43.665,-79.353,1
1092,43.665,-79.352,3
1093,43.665,-79.351,1
1094,43.665,-79.316,1
1095,43.666,-79.587,3
1096,43.666,-79.532,2
1097,43.666,-79.499,2
1098,43.666,-79.467,1
1099,43.666,-79.464,1
1100,43.666,-79.458,1
1101,43.666,-79.446,4
1102,43.666,-79.438,2
1103,43.666,-79.419,1
1104,43.666,-79.403,5
1105,43.666,-79.402,1
1106,43.666,-79.393,1
1107,43.666,-79.378,4
1108,43.666,-79.375,1
1109,43.666,-79.352,2
1110,43.666,-79.348,1
1111,43.666,-79.334,1
1112,43.666,-79.331,1
1113,43.666,-79.317,1
1114,43.666,-79.316,3
1115,43.666,-79.314,1
1116,43.667,-79.546,1
1117,43.667,-79.544,1
1118,43.667,-79.527,1
1119,43.667,-79.52,1
1120,43.667,-79.491,3
1121,43.667,-79.49,1
1122,43.667,-79.456,1
1123,43.667,-79.444,1
1124,43.667,-79.438,1
1125,43.667,-79.428,1
1126,43.667,-79.404,1
1127,43.667,-79.401,1
1128,43.667,-79.4,1
1129,43.667,-79.399,1
1130,43.667,-79.398,1
1131,43.667,-79.385,3
1132,43.667,-79.383,1
1133,43.667,-79.381,1
1134,43.667,-79.378,2
1135,43.667,-79.373,2
1136,43.667,-79.371,1
1137,43.667,-79.37,1
1138,43.667,-79.353,1
1139,43.667,-79.348,1
1140,43.667,-79.343,1
1141,43.667,-79.342,3
1142,43.667,-79.328,1
1143,43.667,-79.326,1
1144,43.667,-79.323,1
1145,43.667,-79.312,5
1146,43.667,-79.311,1
1147,43.667,-79.305,1
1148,43.668,-79.59,1
1149,43.668,-79.492,2
1150,43.668,-79.486,2
1151,43.668,-79.485,1
1152,43.668,-79.483,2
1153,43.668,-79.461,1
1154,43.668,-79.447,1
1155,43.668,-79.441,2
1156,43.668,-79.44,1
1157,43.668,-79.438,2
1158,43.668,-79.412,2
1159,43.668,-79.404,3
1160,43.668,-79.394,3
1161,43.668,-79.393,3
1162,43.668,-79.386,1
1163,43.668,-79.379,1
1164,43.668,-79.369,4
1165,43.668,-79.342,1
1166,43.668,-79.34,1
1167,43.668,-79.338,3
1168,43.668,-79.337,1
1169,43.668,-79.319,1
1170,43.668,-79.308,1
1171,43.669,-79.591,2
1172,43.669,-79.574,1
1173,43.669,-79.501,1
1174,43.669,-79.492,1
1175,43.669,-79.479,1
1176,43.669,-79.467,1
1177,43.669,-79.466,2
1178,43.669,-79.439,2
1179,43.669,-79.436,1
1180,43.669,-79.432,4
1181,43.669,-79.431,1
1182,43.669,-79.412,1
1183,43.669,-79.389,1
1184,43.669,-79.388,1
1185,43.669,-79.382,1
1186,43.669,-79.379,2
1187,43.669,-79.378,1
1188,43.669,-79.376,1
1189,43.669,-79.357,1
1190,43.669,-79.352,1
1191,43.669,-79.343,1
1192,43.669,-79.336,1
1193,43.669,-79.335,1
1194,43.669,-79.334,1
1195,43.669,-79.318,1
1196,43.669,-79.311,1
1197,43.669,-79.302,1
1198,43.669,-79.301,2
1199,43.669,-79.3,1
1200,43.67,-79.493,1
1201,43.67,-79.488,1
1202,43.67,-79.476,1
1203,43.67,-79.475,2
1204,43.67,-79.474,1
1205,43.67,-79.455,1
1206,43.67,-79.454,1
1207,43.67,-79.453,1
1208,43.67,-79.439,1
1209,43.67,-79.433,1
1210,43.67,-79.428,3
1211,43.67,-79.427,1
1212,43.67,-79.426,1
1213,43.67,-79.413,2
1214,43.67,-79.394,1
1215,43.67,-79.389,1
1216,43.67,-79.388,1
1217,43.67,-79.384,1
1218,43.67,-79.382,1
1219,43.67,-79.375,1
1220,43.67,-79.37,2
1221,43.67,-79.361,1
1222,43.67,-79.36,4
1223,43.67,-79.354,1
1224,43.67,-79.353,1
1225,43.67,-79.343,1
1226,43.67,-79.328,1
1227,43.67,-79.318,1
1228,43.67,-79.296,1
1229,43.671,-79.517,1
1230,43.671,-79.493,2
1231,43.671,-79.492,1
1232,43.671,-79.488,1
1233,43.671,-79.474,1
1234,43.671,-79.473,1
1235,43.671,-79.472,1
1236,43.671,-79.471,1
1237,43.671,-79.459,1
1238,43.671,-79.451,2
1239,43.671,-79.449,1
1240,43.671,-79.448,1
1241,43.671,-79.44,1
1242,43.671,-79.429,2
1243,43.671,-79.423,1
1244,43.671,-79.421,2
1245,43.671,-79.42,1
1246,43.671,-79.405,1
1247,43.671,-79.395,3
1248,43.671,-79.39,3
1249,43.671,-79.389,1
1250,43.671,-79.387,1
1251,43.671,-79.383,3
1252,43.671,-79.382,2
1253,43.671,-79.376,1
1254,43.671,-79.373,1
1255,43.671,-79.37,2
1256,43.671,-79.366,1
1257,43.671,-79.365,2
1258,43.671,-79.364,2
1259,43.671,-79.361,1
1260,43.671,-79.341,1
1261,43.671,-79.333,1
1262,43.671,-79.328,1
1263,43.671,-79.324,1
1264,43.671,-79.31,1
1265,43.671,-79.294,1
1266,43.671,-79.293,1
1267,43.672,-79.593,1
1268,43.672,-79.521,1
1269,43.672,-79.493,1
1270,43.672,-79.468,4
1271,43.672,-79.467,2
1272,43.672,-79.465,1
1273,43.672,-79.449,1
1274,43.672,-79.445,1
1275,43.672,-79.441,1
1276,43.672,-79.44,4
1277,43.672,-79.427,1
1278,43.672,-79.423,1
1279,43.672,-79.419,1
1280,43.672,-79.405,2
1281,43.672,-79.395,1
1282,43.672,-79.387,2
1283,43.672,-79.386,1
1284,43.672,-79.384,1
1285,43.672,-79.379,1
1286,43.672,-79.376,2
1287,43.672,-79.37,2
1288,43.672,-79.369,1
1289,43.672,-79.358,1
1290,43.672,-79.342,1
1291,43.672,-79.319,1
1292,43.672,-79.288,2
1293,43.672,-79.287,1
1294,43.673,-79.464,1
1295,43.673,-79.463,5
1296,43.673,-79.462,2
1297,43.673,-79.457,1
1298,43.673,-79.422,1
1299,43.673,-79.414,5
1300,43.673,-79.411,1
1301,43.673,-79.41,1
1302,43.673,-79.404,1
1303,43.673,-79.396,2
1304,43.673,-79.39,1
1305,43.673,-79.388,2
1306,43.673,-79.384,1
1307,43.673,-79.356,1
1308,43.673,-79.328,1
1309,43.673,-79.319,2
1310,43.673,-79.307,5
1311,43.673,-79.283,1
1312,43.673,-79.281,1
1313,43.674,-79.564,1
1314,43.674,-79.563,8
1315,43.674,-79.488,1
1316,43.674,-79.48,1
1317,43.674,-79.463,1
1318,43.674,-79.46,1
1319,43.674,-79.459,3
1320,43.674,-79.458,2
1321,43.674,-79.457,3
1322,43.674,-79.434,2
1323,43.674,-79.432,4
1324,43.674,-79.431,1
1325,43.674,-79.43,3
1326,43.674,-79.428,1
1327,43.674,-79.422,1
1328,43.674,-79.408,1
1329,43.674,-79.407,4
1330,43.674,-79.399,1
1331,43.674,-79.398,1
1332,43.674,-79.397,1
1333,43.674,-79.396,1
1334,43.674,-79.395,2
1335,43.674,-79.392,2
1336,43.674,-79.39,1
1337,43.674,-79.38,2
1338,43.674,-79.367,4
1339,43.674,-79.327,1
1340,43.674,-79.324,1
1341,43.674,-79.306,1
1342,43.674,-79.28,1
1343,43.675,-79.59,1
1344,43.675,-79.557,2
1345,43.675,-79.495,1
1346,43.675,-79.47,1
1347,43.675,-79.454,2
1348,43.675,-79.451,1
1349,43.675,-79.424,1
1350,43.675,-79.423,2
1351,43.675,-79.407,4
1352,43.675,-79.405,1
1353,43.675,-79.404,1
1354,43.675,-79.396,1
1355,43.675,-79.394,2
1356,43.675,-79.391,1
1357,43.675,-79.38,1
1358,43.675,-79.359,1
1359,43.675,-79.358,1
1360,43.675,-79.357,1
1361,43.675,-79.329,1
1362,43.675,-79.32,4
1363,43.675,-79.318,1
1364,43.675,-79.308,1
1365,43.675,-79.276,1
1366,43.676,-79.593,2
1367,43.676,-79.591,1
1368,43.676,-79.564,1
1369,43.676,-79.554,1
1370,43.676,-79.553,1
1371,43.676,-79.552,1
1372,43.676,-79.505,1
1373,43.676,-79.502,1
1374,43.676,-79.495,4
1375,43.676,-79.494,1
1376,43.676,-79.489,1
1377,43.676,-79.475,1
1378,43.676,-79.471,1
1379,43.676,-79.463,2
1380,43.676,-79.45,1
1381,43.676,-79.449,1
1382,43.676,-79.448,2
1383,43.676,-79.447,1
1384,43.676,-79.433,1
1385,43.676,-79.415,3
1386,43.676,-79.41,1
1387,43.676,-79.4,1
1388,43.676,-79.397,1
1389,43.676,-79.389,1
1390,43.676,-79.386,1
1391,43.676,-79.38,1
1392,43.676,-79.368,1
1393,43.676,-79.361,1
1394,43.676,-79.358,6
1395,43.676,-79.323,1
1396,43.676,-79.32,1
1397,43.676,-79.308,1
1398,43.677,-79.55,2
1399,43.677,-79.549,1
1400,43.677,-79.496,4
1401,43.677,-79.455,1
1402,43.677,-79.447,1
1403,43.677,-79.446,2
1404,43.677,-79.444,2
1405,43.677,-79.443,6
1406,43.677,-79.435,1
1407,43.677,-79.412,1
1408,43.677,-79.408,1
1409,43.677,-79.397,1
1410,43.677,-79.38,1
1411,43.677,-79.367,1
1412,43.677,-79.358,1
1413,43.677,-79.354,2
1414,43.677,-79.351,2
1415,43.677,-79.35,2
1416,43.677,-79.349,1
1417,43.677,-79.302,2
1418,43.678,-79.551,3
1419,43.678,-79.496,1
1420,43.678,-79.483,1
1421,43.678,-79.474,1
1422,43.678,-79.464,2
1423,43.678,-79.456,1
1424,43.678,-79.445,1
1425,43.678,-79.443,1
1426,43.678,-79.44,1
1427,43.678,-79.438,1
1428,43.678,-79.424,1
1429,43.678,-79.405,1
1430,43.678,-79.38,2
1431,43.678,-79.378,1
1432,43.678,-79.368,1
1433,43.678,-79.367,1
1434,43.678,-79.348,4
1435,43.678,-79.347,1
1436,43.678,-79.344,4
1437,43.678,-79.301,1
1438,43.678,-79.297,2
1439,43.679,-79.578,1
1440,43.679,-79.541,1
1441,43.679,-79.538,2
1442,43.679,-79.525,2
1443,43.679,-79.482,1
1444,43.679,-79.47,1
1445,43.679,-79.465,3
1446,43.679,-79.435,2
1447,43.679,-79.424,1
1448,43.679,-79.416,3
1449,43.679,-79.398,1
1450,43.679,-79.39,1
1451,43.679,-79.389,1
1452,43.679,-79.382,1
1453,43.679,-79.345,1
1454,43.679,-79.344,1
1455,43.679,-79.342,2
1456,43.679,-79.341,2
1457,43.679,-79.34,2
1458,43.679,-79.339,2
1459,43.679,-79.331,1
1460,43.679,-79.304,1
1461,43.679,-79.294,1
1462,43.68,-79.581,1
1463,43.68,-79.533,1
1464,43.68,-79.508,1
1465,43.68,-79.497,2
1466,43.68,-79.484,1
1467,43.68,-79.483,1
1468,43.68,-79.482,1
1469,43.68,-79.444,2
1470,43.68,-79.443,1
1471,43.68,-79.433,1
1472,43.68,-79.432,5
1473,43.68,-79.431,2
1474,43.68,-79.43,1
1475,43.68,-79.425,1
1476,43.68,-79.399,1
1477,43.68,-79.39,1
1478,43.68,-79.382,1
1479,43.68,-79.368,1
1480,43.68,-79.348,1
1481,43.68,-79.337,1
1482,43.68,-79.336,1
1483,43.68,-79.335,1
1484,43.68,-79.311,1
1485,43.68,-79.31,2
1486,43.68,-79.289,3
1487,43.68,-79.279,1
1488,43.681,-79.552,2
1489,43.681,-79.529,1
1490,43.681,-79.476,7
1491,43.681,-79.467,4
1492,43.681,-79.455,1
1493,43.681,-79.444,3
1494,43.681,-79.436,1
1495,43.681,-79.428,2
1496,43.681,-79.427,1
1497,43.681,-79.425,3
1498,43.681,-79.424,1
1499,43.681,-79.417,3
1500,43.681,-79.391,2
1501,43.681,-79.362,3
1502,43.681,-79.333,3
1503,43.681,-79.332,2
1504,43.681,-79.33,1
1505,43.681,-79.322,1
1506,43.681,-79.311,1
1507,43.681,-79.306,1
1508,43.681,-79.28,1
1509,43.682,-79.526,3
1510,43.682,-79.491,1
1511,43.682,-79.478,1
1512,43.682,-79.477,1
1513,43.682,-79.471,5
1514,43.682,-79.469,1
1515,43.682,-79.466,3
1516,43.682,-79.465,1
1517,43.682,-79.463,4
1518,43.682,-79.462,1
1519,43.682,-79.457,1
1520,43.682,-79.445,1
1521,43.682,-79.444,1
1522,43.682,-79.436,1
1523,43.682,-79.434,1
1524,43.682,-79.428,1
1525,43.682,-79.421,1
1526,43.682,-79.42,1
1527,43.682,-79.418,1
1528,43.682,-79.399,1
1529,43.682,-79.362,2
1530,43.682,-79.357,1
1531,43.682,-79.346,3
1532,43.682,-79.329,1
1533,43.682,-79.328,3
1534,43.682,-79.327,1
1535,43.682,-79.279,1
1536,43.683,-79.58,1
1537,43.683,-79.565,1
1538,43.683,-79.54,3
1539,43.683,-79.532,1
1540,43.683,-79.52,1
1541,43.683,-79.519,1
1542,43.683,-79.511,6
1543,43.683,-79.498,1
1544,43.683,-79.482,1
1545,43.683,-79.481,1
1546,43.683,-79.48,1
1547,43.683,-79.476,2
1548,43.683,-79.474,1
1549,43.683,-79.472,2
1550,43.683,-79.471,1
1551,43.683,-79.464,1
1552,43.683,-79.455,2
1553,43.683,-79.452,1
1554,43.683,-79.418,2
1555,43.683,-79.415,1
1556,43.683,-79.4,1
1557,43.683,-79.361,2
1558,43.683,-79.36,1
1559,43.683,-79.356,2
1560,43.683,-79.323,3
1561,43.683,-79.322,2
1562,43.683,-79.32,3
1563,43.683,-79.311,2
1564,43.683,-79.302,1
1565,43.683,-79.301,1
1566,43.683,-79.3,2
1567,43.683,-79.285,1
1568,43.683,-79.283,1
1569,43.683,-79.276,1
1570,43.684,-79.594,1
1571,43.684,-79.564,1
1572,43.684,-79.527,1
1573,43.684,-79.508,2
1574,43.684,-79.498,6
1575,43.684,-79.483,1
1576,43.684,-79.474,1
1577,43.684,-79.472,2
1578,43.684,-79.449,1
1579,43.684,-79.437,2
1580,43.684,-79.421,1
1581,43.684,-79.413,1
1582,43.684,-79.411,1
1583,43.684,-79.392,1
1584,43.684,-79.383,2
1585,43.684,-79.361,1
1586,43.684,-79.351,1
1587,43.684,-79.34,1
1588,43.684,-79.32,1
1589,43.684,-79.319,1
1590,43.684,-79.318,1
1591,43.684,-79.316,1
1592,43.684,-79.28,2
1593,43.685,-79.557,1
1594,43.685,-79.554,1
1595,43.685,-79.541,1
1596,43.685,-79.52,1
1597,43.685,-79.519,1
1598,43.685,-79.512,2
1599,43.685,-79.499,1
1600,43.685,-79.495,1
1601,43.685,-79.481,1
1602,43.685,-79.473,1
1603,43.685,-79.446,2
1604,43.685,-79.437,1
1605,43.685,-79.407,1
1606,43.685,-79.356,1
1607,43.685,-79.339,1
1608,43.685,-79.33,1
1609,43.685,-79.314,2
1610,43.685,-79.312,5
1611,43.685,-79.294,1
1612,43.685,-79.293,1
1613,43.685,-79.29,1
1614,43.686,-79.599,1
1615,43.686,-79.597,1
1616,43.686,-79.596,2
1617,43.686,-79.595,5
1618,43.686,-79.568,1
1619,43.686,-79.555,1
1620,43.686,-79.549,2
1621,43.686,-79.514,1
1622,43.686,-79.513,1
1623,43.686,-79.512,1
1624,43.686,-79.492,1
1625,43.686,-79.49,1
1626,43.686,-79.489,5
1627,43.686,-79.446,2
1628,43.686,-79.443,1
1629,43.686,-79.441,2
1630,43.686,-79.438,1
1631,43.686,-79.431,1
1632,43.686,-79.413,1
1633,43.686,-79.405,1
1634,43.686,-79.401,2
1635,43.686,-79.399,1
1636,43.686,-79.393,1
1637,43.686,-79.36,1
1638,43.686,-79.347,1
1639,43.686,-79.313,1
1640,43.686,-79.31,2
1641,43.686,-79.308,1
1642,43.686,-79.289,1
1643,43.686,-79.285,1
1644,43.687,-79.586,2
1645,43.687,-79.549,1
1646,43.687,-79.533,1
1647,43.687,-79.528,1
1648,43.687,-79.485,1
1649,43.687,-79.482,1
1650,43.687,-79.438,1
1651,43.687,-79.423,1
1652,43.687,-79.401,1
1653,43.687,-79.396,3
1654,43.687,-79.394,1
1655,43.687,-79.393,2
1656,43.687,-79.363,1
1657,43.687,-79.352,1
1658,43.687,-79.344,1
1659,43.687,-79.34,1
1660,43.687,-79.304,2
1661,43.687,-79.303,2
1662,43.687,-79.302,1
1663,43.687,-79.286,2
1664,43.687,-79.283,1
1665,43.687,-79.271,1
1666,43.687,-79.27,4
1667,43.688,-79.583,1
1668,43.688,-79.569,1
1669,43.688,-79.565,1
1670,43.688,-79.542,3
1671,43.688,-79.522,1
1672,43.688,-79.492,1
1673,43.688,-79.482,5
1674,43.688,-79.477,1
1675,43.688,-79.474,1
1676,43.688,-79.467,1
1677,43.688,-79.46,1
1678,43.688,-79.454,1
1679,43.688,-79.447,2
1680,43.688,-79.439,1
1681,43.688,-79.42,1
1682,43.688,-79.413,1
1683,43.688,-79.412,1
1684,43.688,-79.405,1
1685,43.688,-79.394,2
1686,43.688,-79.389,2
1687,43.688,-79.363,2
1688,43.688,-79.353,1
1689,43.688,-79.352,1
1690,43.688,-79.348,1
1691,43.688,-79.302,1
1692,43.688,-79.301,4
1693,43.688,-79.3,2
1694,43.689,-79.587,1
1695,43.689,-79.582,1
1696,43.689,-79.5,1
1697,43.689,-79.477,1
1698,43.689,-79.474,2
1699,43.689,-79.468,1
1700,43.689,-79.459,1
1701,43.689,-79.447,2
1702,43.689,-79.439,1
1703,43.689,-79.421,1
1704,43.689,-79.412,1
1705,43.689,-79.394,2
1706,43.689,-79.354,1
1707,43.689,-79.35,1
1708,43.689,-79.348,5
1709,43.689,-79.332,1
1710,43.689,-79.314,1
1711,43.689,-79.302,1
1712,43.689,-79.296,3
1713,43.689,-79.293,1
1714,43.689,-79.268,2
1715,43.689,-79.267,1
1716,43.69,-79.587,1
1717,43.69,-79.582,1
1718,43.69,-79.577,3
1719,43.69,-79.57,1
1720,43.69,-79.559,1
1721,43.69,-79.531,1
1722,43.69,-79.483,1
1723,43.69,-79.475,1
1724,43.69,-79.473,1
1725,43.69,-79.471,1
1726,43.69,-79.448,2
1727,43.69,-79.421,1
1728,43.69,-79.406,1
1729,43.69,-79.403,1
1730,43.69,-79.402,1
1731,43.69,-79.383,1
1732,43.69,-79.376,1
1733,43.69,-79.362,1
1734,43.69,-79.355,1
1735,43.69,-79.349,1
1736,43.69,-79.326,1
1737,43.69,-79.311,1
1738,43.69,-79.293,2
1739,43.69,-79.292,2
1740,43.69,-79.291,1
1741,43.69,-79.277,1
1742,43.69,-79.266,1
1743,43.691,-79.572,1
1744,43.691,-79.57,7
1745,43.691,-79.502,1
1746,43.691,-79.5,4
1747,43.691,-79.484,1
1748,43.691,-79.474,1
1749,43.691,-79.47,1
1750,43.691,-79.469,1
1751,43.691,-79.466,1
1752,43.691,-79.465,2
1753,43.691,-79.45,1
1754,43.691,-79.448,2
1755,43.691,-79.444,1
1756,43.691,-79.44,1
1757,43.691,-79.439,1
1758,43.691,-79.401,1
1759,43.691,-79.34,1
1760,43.691,-79.322,1
1761,43.691,-79.32,2
1762,43.691,-79.303,1
1763,43.691,-79.287,1
1764,43.691,-79.285,3
1765,43.691,-79.265,1
1766,43.692,-79.571,1
1767,43.692,-79.502,1
1768,43.692,-79.477,3
1769,43.692,-79.474,1
1770,43.692,-79.462,1
1771,43.692,-79.448,1
1772,43.692,-79.44,3
1773,43.692,-79.395,1
1774,43.692,-79.384,1
1775,43.692,-79.361,1
1776,43.692,-79.354,1
1777,43.692,-79.349,1
1778,43.692,-79.343,1
1779,43.692,-79.337,1
1780,43.692,-79.315,3
1781,43.692,-79.302,2
1782,43.692,-79.297,1
1783,43.692,-79.284,2
1784,43.692,-79.283,1
1785,43.692,-79.282,1
1786,43.692,-79.281,2
1787,43.692,-79.28,1
1788,43.692,-79.272,1
1789,43.692,-79.262,1
1790,43.693,-79.562,3
1791,43.693,-79.485,1
1792,43.693,-79.483,1
1793,43.693,-79.462,1
1794,43.693,-79.46,2
1795,43.693,-79.449,1
1796,43.693,-79.441,1
1797,43.693,-79.422,3
1798,43.693,-79.396,1
1799,43.693,-79.384,1
1800,43.693,-79.372,1
1801,43.693,-79.35,3
1802,43.693,-79.348,1
1803,43.693,-79.338,1
1804,43.693,-79.327,1
1805,43.693,-79.311,1
1806,43.693,-79.31,1
1807,43.693,-79.307,1
1808,43.693,-79.3,1
1809,43.693,-79.297,1
1810,43.693,-79.277,1
1811,43.694,-79.558,6
1812,43.694,-79.556,1
1813,43.694,-79.545,1
1814,43.694,-79.532,1
1815,43.694,-79.519,1
1816,43.694,-79.506,1
1817,43.694,-79.486,4
1818,43.694,-79.474,1
1819,43.694,-79.462,1
1820,43.694,-79.455,1
1821,43.694,-79.454,1
1822,43.694,-79.449,1
1823,43.694,-79.422,1
1824,43.694,-79.366,1
1825,43.694,-79.343,1
1826,43.694,-79.328,1
1827,43.694,-79.327,2
1828,43.694,-79.3,1
1829,43.694,-79.279,1
1830,43.694,-79.276,1
1831,43.694,-79.272,1
1832,43.695,-79.599,1
1833,43.695,-79.589,1
1834,43.695,-79.572,1
1835,43.695,-79.52,1
1836,43.695,-79.486,2
1837,43.695,-79.453,1
1838,43.695,-79.452,1
1839,43.695,-79.45,3
1840,43.695,-79.449,1
1841,43.695,-79.425,1
1842,43.695,-79.423,1
1843,43.695,-79.354,1
1844,43.695,-79.351,1
1845,43.695,-79.339,1
1846,43.695,-79.319,1
1847,43.695,-79.284,1
1848,43.696,-79.551,1
1849,43.696,-79.546,3
1850,43.696,-79.532,2
1851,43.696,-79.529,1
1852,43.696,-79.508,1
1853,43.696,-79.505,1
1854,43.696,-79.493,1
1855,43.696,-79.491,1
1856,43.696,-79.489,1
1857,43.696,-79.475,1
1858,43.696,-79.468,1
1859,43.696,-79.45,2
1860,43.696,-79.447,2
1861,43.696,-79.423,1
1862,43.696,-79.4,1
1863,43.696,-79.396,3
1864,43.696,-79.395,1
1865,43.696,-79.353,1
1866,43.696,-79.352,1
1867,43.696,-79.335,1
1868,43.696,-79.317,1
1869,43.696,-79.315,2
1870,43.696,-79.297,1
1871,43.696,-79.292,1
1872,43.696,-79.29,1
1873,43.696,-79.285,1
1874,43.696,-79.257,1
1875,43.697,-79.573,1
1876,43.697,-79.546,6
1877,43.697,-79.545,1
1878,43.697,-79.51,1
1879,43.697,-79.502,2
1880,43.697,-79.498,2
1881,43.697,-79.466,1
1882,43.697,-79.451,1
1883,43.697,-79.442,4
1884,43.697,-79.44,3
1885,43.697,-79.439,2
1886,43.697,-79.405,1
1887,43.697,-79.396,2
1888,43.697,-79.388,1
1889,43.697,-79.37,1
1890,43.697,-79.349,3
1891,43.697,-79.348,1
1892,43.697,-79.329,1
1893,43.697,-79.274,1
1894,43.697,-79.262,1
1895,43.697,-79.261,1
1896,43.697,-79.256,2
1897,43.698,-79.539,1
1898,43.698,-79.523,3
1899,43.698,-79.512,1
1900,43.698,-79.463,4
1901,43.698,-79.462,1
1902,43.698,-79.459,1
1903,43.698,-79.451,1
1904,43.698,-79.439,2
1905,43.698,-79.438,2
1906,43.698,-79.437,1
1907,43.698,-79.424,1
1908,43.698,-79.406,2
1909,43.698,-79.396,3
1910,43.698,-79.394,1
1911,43.698,-79.386,3
1912,43.698,-79.372,1
1913,43.698,-79.349,3
1914,43.698,-79.327,1
1915,43.698,-79.264,1
1916,43.699,-79.587,1
1917,43.699,-79.547,1
1918,43.699,-79.534,2
1919,43.699,-79.519,1
1920,43.699,-79.517,2
1921,43.699,-79.515,1
1922,43.699,-79.508,1
1923,43.699,-79.502,1
1924,43.699,-79.476,1
1925,43.699,-79.475,2
1926,43.699,-79.44,1
1927,43.699,-79.431,1
1928,43.699,-79.43,2
1929,43.699,-79.424,1
1930,43.699,-79.404,1
1931,43.699,-79.393,1
1932,43.699,-79.386,2
1933,43.699,-79.372,1
1934,43.699,-79.338,1
1935,43.699,-79.337,1
1936,43.699,-79.321,2
1937,43.699,-79.318,1
1938,43.699,-79.257,1
1939,43.7,-79.607,1
1940,43.7,-79.536,1
1941,43.7,-79.516,7
1942,43.7,-79.515,1
1943,43.7,-79.512,1
1944,43.7,-79.451,3
1945,43.7,-79.449,1
1946,43.7,-79.431,1
1947,43.7,-79.429,1
1948,43.7,-79.427,4
1949,43.7,-79.426,2
1950,43.7,-79.425,4
1951,43.7,-79.397,1
1952,43.7,-79.396,1
1953,43.7,-79.387,1
1954,43.7,-79.386,2
1955,43.7,-79.337,4
1956,43.7,-79.336,1
1957,43.7,-79.319,3
1958,43.7,-79.272,1
1959,43.7,-79.253,1
1960,43.701,-79.575,2
1961,43.701,-79.572,1
1962,43.701,-79.526,1
1963,43.701,-79.52,1
1964,43.701,-79.517,1
1965,43.701,-79.508,2
1966,43.701,-79.503,1
1967,43.701,-79.423,2
1968,43.701,-79.407,1
1969,43.701,-79.373,1
1970,43.701,-79.365,1
1971,43.701,-79.358,3
1972,43.701,-79.352,1
1973,43.701,-79.336,1
1974,43.701,-79.287,1
1975,43.701,-79.265,1
1976,43.701,-79.251,1
1977,43.702,-79.588,1
1978,43.702,-79.572,1
1979,43.702,-79.556,1
1980,43.702,-79.553,1
1981,43.702,-79.503,5
1982,43.702,-79.499,1
1983,43.702,-79.452,2
1984,43.702,-79.417,2
1985,43.702,-79.397,1
1986,43.702,-79.375,1
1987,43.702,-79.359,1
1988,43.702,-79.335,2
1989,43.702,-79.333,1
1990,43.702,-79.315,1
1991,43.702,-79.296,1
1992,43.702,-79.276,1
1993,43.702,-79.255,1
1994,43.702,-79.254,1
1995,43.703,-79.549,1
1996,43.703,-79.525,2
1997,43.703,-79.523,1
1998,43.703,-79.498,1
1999,43.703,-79.491,1
2000,43.703,-79.476,1
2001,43.703,-79.452,3
2002,43.703,-79.448,1
2003,43.703,-79.441,1
2004,43.703,-79.437,1
2005,43.703,-79.436,1
2006,43.703,-79.425,3
2007,43.703,-79.415,1
2008,43.703,-79.413,3
2009,43.703,-79.411,1
2010,43.703,-79.388,1
2011,43.703,-79.377,1
2012,43.703,-79.36,1
2013,43.703,-79.293,1
2014,43.703,-79.253,1
2015,43.703,-79.252,1
2016,43.703,-79.251,1
2017,43.704,-79.563,4
2018,43.704,-79.55,1
2019,43.704,-79.509,1
2020,43.704,-79.504,3
2021,43.704,-79.496,2
2022,43.704,-79.494,3
2023,43.704,-79.426,1
2024,43.704,-79.41,3
2025,43.704,-79.409,3
2026,43.704,-79.408,1
2027,43.704,-79.4,1
2028,43.704,-79.388,1
2029,43.704,-79.369,1
2030,43.704,-79.368,1
2031,43.704,-79.298,1
2032,43.704,-79.288,1
2033,43.705,-79.577,1
2034,43.705,-79.55,1
2035,43.705,-79.492,1
2036,43.705,-79.49,1
2037,43.705,-79.487,1
2038,43.705,-79.452,1
2039,43.705,-79.442,1
2040,43.705,-79.439,1
2041,43.705,-79.438,1
2042,43.705,-79.426,1
2043,43.705,-79.405,1
2044,43.705,-79.397,1
2045,43.705,-79.349,2
2046,43.705,-79.325,1
2047,43.705,-79.312,1
2048,43.705,-79.295,1
2049,43.705,-79.251,1
2050,43.706,-79.591,1
2051,43.706,-79.532,1
2052,43.706,-79.515,1
2053,43.706,-79.504,2
2054,43.706,-79.487,2
2055,43.706,-79.485,1
2056,43.706,-79.477,1
2057,43.706,-79.465,1
2058,43.706,-79.442,1
2059,43.706,-79.426,1
2060,43.706,-79.409,1
2061,43.706,-79.4,3
2062,43.706,-79.398,3
2063,43.706,-79.392,1
2064,43.706,-79.389,1
2065,43.706,-79.361,2
2066,43.706,-79.343,1
2067,43.706,-79.311,1
2068,43.706,-79.308,1
2069,43.706,-79.305,1
2070,43.706,-79.289,1
2071,43.706,-79.268,3
2072,43.706,-79.254,1
2073,43.706,-79.251,3
2074,43.706,-79.235,1
2075,43.707,-79.578,2
2076,43.707,-79.564,1
2077,43.707,-79.533,1
2078,43.707,-79.497,1
2079,43.707,-79.482,2
2080,43.707,-79.477,1
2081,43.707,-79.443,1
2082,43.707,-79.427,3
2083,43.707,-79.403,2
2084,43.707,-79.398,2
2085,43.707,-79.396,2
2086,43.707,-79.395,1
2087,43.707,-79.392,1
2088,43.707,-79.345,1
2089,43.707,-79.343,1
2090,43.707,-79.342,1
2091,43.707,-79.341,1
2092,43.707,-79.302,1
2093,43.707,-79.301,1
2094,43.707,-79.267,1
2095,43.707,-79.251,1
2096,43.708,-79.591,1
2097,43.708,-79.565,2
2098,43.708,-79.551,1
2099,43.708,-79.533,1
2100,43.708,-79.53,1
2101,43.708,-79.505,1
2102,43.708,-79.479,1
2103,43.708,-79.478,7
2104,43.708,-79.453,1
2105,43.708,-79.439,1
2106,43.708,-79.42,1
2107,43.708,-79.398,3
2108,43.708,-79.391,1
2109,43.708,-79.39,2
2110,43.708,-79.387,1
2111,43.708,-79.376,3
2112,43.708,-79.365,1
2113,43.708,-79.34,1
2114,43.708,-79.298,1
2115,43.708,-79.295,2
2116,43.708,-79.268,1
2117,43.708,-79.267,1
2118,43.708,-79.25,1
2119,43.708,-79.249,1
2120,43.709,-79.565,1
2121,43.709,-79.532,1
2122,43.709,-79.505,4
2123,43.709,-79.474,1
2124,43.709,-79.466,1
2125,43.709,-79.41,1
2126,43.709,-79.401,1
2127,43.709,-79.386,2
2128,43.709,-79.376,1
2129,43.709,-79.334,3
2130,43.709,-79.296,1
2131,43.709,-79.292,1
2132,43.709,-79.29,1
2133,43.709,-79.26,1
2134,43.709,-79.238,1
2135,43.71,-79.579,1
2136,43.71,-79.534,2
2137,43.71,-79.505,1
2138,43.71,-79.478,1
2139,43.71,-79.471,3
2140,43.71,-79.466,1
2141,43.71,-79.444,1
2142,43.71,-79.399,1
2143,43.71,-79.393,1
2144,43.71,-79.382,1
2145,43.71,-79.377,3
2146,43.71,-79.334,2
2147,43.71,-79.331,1
2148,43.71,-79.308,2
2149,43.71,-79.296,1
2150,43.71,-79.286,2
2151,43.71,-79.274,1
2152,43.71,-79.258,1
2153,43.711,-79.592,3
2154,43.711,-79.58,1
2155,43.711,-79.566,1
2156,43.711,-79.535,2
2157,43.711,-79.505,2
2158,43.711,-79.467,1
2159,43.711,-79.432,1
2160,43.711,-79.411,2
2161,43.711,-79.399,2
2162,43.711,-79.391,2
2163,43.711,-79.377,3
2164,43.711,-79.373,1
2165,43.711,-79.358,2
2166,43.711,-79.326,1
2167,43.711,-79.285,1
2168,43.711,-79.282,1
2169,43.711,-79.27,1
2170,43.711,-79.269,1
2171,43.711,-79.252,1
2172,43.711,-79.248,2
2173,43.711,-79.246,1
2174,43.712,-79.58,1
2175,43.712,-79.565,1
2176,43.712,-79.561,1
2177,43.712,-79.428,1
2178,43.712,-79.411,3
2179,43.712,-79.372,1
2180,43.712,-79.369,2
2181,43.712,-79.325,2
2182,43.712,-79.324,1
2183,43.712,-79.3,1
2184,43.712,-79.28,4
2185,43.712,-79.264,1
2186,43.713,-79.559,3
2187,43.713,-79.554,1
2188,43.713,-79.484,1
2189,43.713,-79.458,1
2190,43.713,-79.457,2
2191,43.713,-79.456,1
2192,43.713,-79.411,1
2193,43.713,-79.407,1
2194,43.713,-79.392,1
2195,43.713,-79.377,1
2196,43.713,-79.367,4
2197,43.713,-79.364,2
2198,43.713,-79.335,1
2199,43.713,-79.306,1
2200,43.713,-79.292,2
2201,43.713,-79.272,1
2202,43.714,-79.585,1
2203,43.714,-79.581,1
2204,43.714,-79.568,1
2205,43.714,-79.567,1
2206,43.714,-79.554,1
2207,43.714,-79.536,1
2208,43.714,-79.454,1
2209,43.714,-79.453,1
2210,43.714,-79.445,1
2211,43.714,-79.428,2
2212,43.714,-79.4,2
2213,43.714,-79.399,2
2214,43.714,-79.362,1
2215,43.714,-79.359,2
2216,43.714,-79.358,1
2217,43.714,-79.336,2
2218,43.714,-79.335,2
2219,43.714,-79.334,1
2220,43.714,-79.325,1
2221,43.714,-79.305,1
2222,43.714,-79.271,1
2223,43.714,-79.26,1
2224,43.714,-79.238,1
2225,43.714,-79.231,1
2226,43.715,-79.575,1
2227,43.715,-79.531,2
2228,43.715,-79.507,2
2229,43.715,-79.479,1
2230,43.715,-79.467,1
2231,43.715,-79.448,1
2232,43.715,-79.447,1
2233,43.715,-79.446,2
2234,43.715,-79.444,4
2235,43.715,-79.443,1
2236,43.715,-79.431,1
2237,43.715,-79.412,1
2238,43.715,-79.357,1
2239,43.715,-79.353,1
2240,43.715,-79.325,1
2241,43.715,-79.304,1
2242,43.715,-79.301,1
2243,43.715,-79.298,2
2244,43.715,-79.267,1
2245,43.715,-79.266,1
2246,43.715,-79.265,1
2247,43.715,-79.26,1
2248,43.715,-79.243,1
2249,43.716,-79.558,1
2250,43.716,-79.555,3
2251,43.716,-79.553,1
2252,43.716,-79.537,1
2253,43.716,-79.443,4
2254,43.716,-79.429,1
2255,43.716,-79.413,1
2256,43.716,-79.393,2
2257,43.716,-79.337,1
2258,43.716,-79.299,1
2259,43.716,-79.282,5
2260,43.716,-79.261,4
2261,43.716,-79.259,6
2262,43.717,-79.603,1
2263,43.717,-79.595,3
2264,43.717,-79.592,1
2265,43.717,-79.582,2
2266,43.717,-79.58,1
2267,43.717,-79.558,1
2268,43.717,-79.538,1
2269,43.717,-79.537,2
2270,43.717,-79.524,3
2271,43.717,-79.523,1
2272,43.717,-79.507,1
2273,43.717,-79.448,1
2274,43.717,-79.437,2
2275,43.717,-79.414,1
2276,43.717,-79.413,1
2277,43.717,-79.393,1
2278,43.717,-79.334,1
2279,43.717,-79.299,2
2280,43.717,-79.294,1
2281,43.718,-79.602,1
2282,43.718,-79.568,1
2283,43.718,-79.541,1
2284,43.718,-79.537,2
2285,43.718,-79.521,1
2286,43.718,-79.518,1
2287,43.718,-79.517,1
2288,43.718,-79.516,1
2289,43.718,-79.445,1
2290,43.718,-79.432,3
2291,43.718,-79.43,1
2292,43.718,-79.429,3
2293,43.718,-79.35,2
2294,43.718,-79.331,2
2295,43.718,-79.327,1
2296,43.718,-79.308,1
2297,43.718,-79.304,3
2298,43.718,-79.251,1
2299,43.718,-79.24,2
2300,43.719,-79.603,5
2301,43.719,-79.515,1
2302,43.719,-79.513,1
2303,43.719,-79.508,4
2304,43.719,-79.455,1
2305,43.719,-79.429,4
2306,43.719,-79.425,1
2307,43.719,-79.423,1
2308,43.719,-79.401,1
2309,43.719,-79.378,1
2310,43.719,-79.3,2
2311,43.719,-79.284,2
2312,43.719,-79.247,2
2313,43.719,-79.239,1
2314,43.72,-79.612,1
2315,43.72,-79.611,1
2316,43.72,-79.609,1
2317,43.72,-79.596,1
2318,43.72,-79.509,1
2319,43.72,-79.508,5
2320,43.72,-79.5,1
2321,43.72,-79.433,1
2322,43.72,-79.424,1
2323,43.72,-79.422,1
2324,43.72,-79.415,1
2325,43.72,-79.338,5
2326,43.72,-79.257,2
2327,43.72,-79.243,1
2328,43.72,-79.242,1
2329,43.72,-79.241,3
2330,43.72,-79.238,1
2331,43.721,-79.571,2
2332,43.721,-79.567,1
2333,43.721,-79.558,1
2334,43.721,-79.545,2
2335,43.721,-79.537,1
2336,43.721,-79.508,1
2337,43.721,-79.505,1
2338,43.721,-79.48,1
2339,43.721,-79.456,2
2340,43.721,-79.43,1
2341,43.721,-79.418,1
2342,43.721,-79.301,2
2343,43.721,-79.284,3
2344,43.721,-79.274,2
2345,43.721,-79.236,2
2346,43.722,-79.62,1
2347,43.722,-79.598,2
2348,43.722,-79.597,1
2349,43.722,-79.514,1
2350,43.722,-79.508,2
2351,43.722,-79.499,2
2352,43.722,-79.469,1
2353,43.722,-79.456,1
2354,43.722,-79.415,4
2355,43.722,-79.414,1
2356,43.722,-79.412,1
2357,43.722,-79.332,1
2358,43.722,-79.33,1
2359,43.722,-79.326,1
2360,43.722,-79.307,2
2361,43.722,-79.303,1
2362,43.722,-79.301,4
2363,43.722,-79.242,1
2364,43.723,-79.619,1
2365,43.723,-79.615,1
2366,43.723,-79.572,1
2367,43.723,-79.558,2
2368,43.723,-79.521,1
2369,43.723,-79.496,3
2370,43.723,-79.494,2
2371,43.723,-79.49,1
2372,43.723,-79.456,2
2373,43.723,-79.43,1
2374,43.723,-79.423,1
2375,43.723,-79.411,1
2376,43.723,-79.339,1
2377,43.723,-79.336,1
2378,43.723,-79.33,2
2379,43.723,-79.302,2
2380,43.724,-79.519,1
2381,43.724,-79.491,3
2382,43.724,-79.481,2
2383,43.724,-79.457,1
2384,43.724,-79.447,1
2385,43.724,-79.419,1
2386,43.724,-79.405,1
2387,43.724,-79.402,1
2388,43.724,-79.336,1
2389,43.724,-79.324,1
2390,43.724,-79.323,1
2391,43.724,-79.302,7
2392,43.724,-79.301,1
2393,43.724,-79.3,1
2394,43.724,-79.264,3
2395,43.724,-79.253,1
2396,43.725,-79.586,1
2397,43.725,-79.56,1
2398,43.725,-79.555,2
2399,43.725,-79.55,1
2400,43.725,-79.488,1
2401,43.725,-79.481,1
2402,43.725,-79.431,2
2403,43.725,-79.416,1
2404,43.725,-79.402,3
2405,43.725,-79.394,1
2406,43.725,-79.33,1
2407,43.725,-79.319,1
2408,43.725,-79.313,1
2409,43.725,-79.303,1
2410,43.725,-79.297,6
2411,43.725,-79.232,3
2412,43.726,-79.571,2
2413,43.726,-79.569,1
2414,43.726,-79.552,1
2415,43.726,-79.535,1
2416,43.726,-79.482,3
2417,43.726,-79.481,1
2418,43.726,-79.457,3
2419,43.726,-79.434,1
2420,43.726,-79.431,2
2421,43.726,-79.402,1
2422,43.726,-79.397,1
2423,43.726,-79.396,1
2424,43.726,-79.392,1
2425,43.726,-79.358,1
2426,43.726,-79.349,1
2427,43.726,-79.33,1
2428,43.726,-79.318,4
2429,43.726,-79.313,2
2430,43.726,-79.303,1
2431,43.726,-79.294,1
2432,43.726,-79.293,1
2433,43.726,-79.291,2
2434,43.726,-79.287,2
2435,43.726,-79.265,2
2436,43.726,-79.243,1
2437,43.727,-79.6,1
2438,43.727,-79.488,1
2439,43.727,-79.48,1
2440,43.727,-79.478,2
2441,43.727,-79.471,1
2442,43.727,-79.449,1
2443,43.727,-79.431,1
2444,43.727,-79.417,2
2445,43.727,-79.402,2
2446,43.727,-79.34,5
2447,43.727,-79.327,1
2448,43.727,-79.287,1
2449,43.727,-79.265,4
2450,43.727,-79.255,1
2451,43.727,-79.252,3
2452,43.727,-79.241,1
2453,43.728,-79.574,6
2454,43.728,-79.512,1
2455,43.728,-79.482,2
2456,43.728,-79.477,1
2457,43.728,-79.433,1
2458,43.728,-79.431,1
2459,43.728,-79.418,3
2460,43.728,-79.414,1
2461,43.728,-79.387,1
2462,43.728,-79.33,1
2463,43.728,-79.304,2
2464,43.728,-79.285,1
2465,43.728,-79.28,1
2466,43.728,-79.266,1
2467,43.729,-79.471,1
2468,43.729,-79.458,1
2469,43.729,-79.328,1
2470,43.729,-79.304,2
2471,43.729,-79.292,1
2472,43.729,-79.291,1
2473,43.729,-79.28,1
2474,43.729,-79.277,2
2475,43.729,-79.266,1
2476,43.729,-79.251,1
2477,43.729,-79.227,2
2478,43.73,-79.606,2
2479,43.73,-79.601,4
2480,43.73,-79.599,1
2481,43.73,-79.575,1
2482,43.73,-79.524,1
2483,43.73,-79.482,1
2484,43.73,-79.468,2
2485,43.73,-79.459,1
2486,43.73,-79.432,1
2487,43.73,-79.403,1
2488,43.73,-79.381,1
2489,43.73,-79.277,1
2490,43.73,-79.275,1
2491,43.73,-79.273,1
2492,43.73,-79.25,2
2493,43.73,-79.226,1
2494,43.731,-79.616,1
2495,43.731,-79.601,2
2496,43.731,-79.591,1
2497,43.731,-79.576,1
2498,43.731,-79.57,1
2499,43.731,-79.537,1
2500,43.731,-79.511,2
2501,43.731,-79.507,1
2502,43.731,-79.483,2
2503,43.731,-79.465,1
2504,43.731,-79.432,1
2505,43.731,-79.305,2
2506,43.731,-79.286,1
2507,43.731,-79.271,1
2508,43.731,-79.267,3
2509,43.731,-79.225,1
2510,43.732,-79.613,1
2511,43.732,-79.609,1
2512,43.732,-79.589,2
2513,43.732,-79.583,1
2514,43.732,-79.458,1
2515,43.732,-79.457,2
2516,43.732,-79.456,1
2517,43.732,-79.419,1
2518,43.732,-79.404,1
2519,43.732,-79.381,1
2520,43.732,-79.355,1
2521,43.732,-79.342,2
2522,43.732,-79.341,1
2523,43.732,-79.278,1
2524,43.732,-79.267,6
2525,43.732,-79.257,1
2526,43.732,-79.224,1
2527,43.732,-79.223,1
2528,43.733,-79.606,1
2529,43.733,-79.6,1
2530,43.733,-79.557,1
2531,43.733,-79.538,3
2532,43.733,-79.483,3
2533,43.733,-79.452,1
2534,43.733,-79.433,1
2535,43.733,-79.342,1
2536,43.733,-79.289,1
2537,43.733,-79.285,1
2538,43.733,-79.268,1
2539,43.734,-79.626,1
2540,43.734,-79.617,1
2541,43.734,-79.613,1
2542,43.734,-79.609,1
2543,43.734,-79.603,1
2544,43.734,-79.6,3
2545,43.734,-79.58,1
2546,43.734,-79.563,1
2547,43.734,-79.559,1
2548,43.734,-79.535,1
2549,43.734,-79.533,1
2550,43.734,-79.465,1
2551,43.734,-79.45,1
2552,43.734,-79.447,2
2553,43.734,-79.446,2
2554,43.734,-79.445,1
2555,43.734,-79.419,2
2556,43.734,-79.404,1
2557,43.734,-79.395,1
2558,43.734,-79.355,4
2559,43.734,-79.301,1
2560,43.734,-79.29,2
2561,43.734,-79.26,2
2562,43.734,-79.258,6
2563,43.734,-79.256,4
2564,43.735,-79.617,1
2565,43.735,-79.598,1
2566,43.735,-79.594,1
2567,43.735,-79.564,1
2568,43.735,-79.561,2
2569,43.735,-79.452,1
2570,43.735,-79.447,1
2571,43.735,-79.442,2
2572,43.735,-79.441,1
2573,43.735,-79.42,1
2574,43.735,-79.404,1
2575,43.735,-79.357,1
2576,43.735,-79.356,1
2577,43.735,-79.29,1
2578,43.735,-79.279,2
2579,43.735,-79.269,1
2580,43.735,-79.254,1
2581,43.735,-79.253,3
2582,43.735,-79.252,1
2583,43.735,-79.251,1
2584,43.735,-79.25,1
2585,43.735,-79.247,1
2586,43.735,-79.246,1
2587,43.735,-79.236,1
2588,43.736,-79.591,2
2589,43.736,-79.59,1
2590,43.736,-79.538,1
2591,43.736,-79.484,1
2592,43.736,-79.438,1
2593,43.736,-79.436,1
2594,43.736,-79.381,1
2595,43.736,-79.346,1
2596,43.736,-79.344,3
2597,43.736,-79.307,1
2598,43.736,-79.258,3
2599,43.736,-79.251,1
2600,43.736,-79.248,7
2601,43.736,-79.219,1
2602,43.737,-79.59,3
2603,43.737,-79.567,1
2604,43.737,-79.565,6
2605,43.737,-79.542,1
2606,43.737,-79.526,1
2607,43.737,-79.434,1
2608,43.737,-79.432,2
2609,43.737,-79.429,2
2610,43.737,-79.42,1
2611,43.737,-79.343,2
2612,43.737,-79.332,1
2613,43.737,-79.302,1
2614,43.737,-79.27,1
2615,43.737,-79.259,1
2616,43.737,-79.248,1
2617,43.737,-79.246,3
2618,43.737,-79.245,1
2619,43.737,-79.244,1
2620,43.737,-79.243,1
2621,43.737,-79.242,1
2622,43.737,-79.21,1
2623,43.738,-79.607,2
2624,43.738,-79.579,4
2625,43.738,-79.576,1
2626,43.738,-79.571,1
2627,43.738,-79.565,1
2628,43.738,-79.518,1
2629,43.738,-79.434,2
2630,43.738,-79.347,1
2631,43.738,-79.332,1
2632,43.738,-79.308,2
2633,43.738,-79.292,1
2634,43.738,-79.27,1
2635,43.738,-79.249,1
2636,43.738,-79.245,1
2637,43.738,-79.238,2
2638,43.738,-79.217,1
2639,43.738,-79.216,1
2640,43.739,-79.612,1
2641,43.739,-79.605,3
2642,43.739,-79.514,1
2643,43.739,-79.513,4
2644,43.739,-79.512,1
2645,43.739,-79.511,2
2646,43.739,-79.509,1
2647,43.739,-79.421,2
2648,43.739,-79.399,1
2649,43.739,-79.382,1
2650,43.739,-79.245,2
2651,43.739,-79.235,1
2652,43.74,-79.589,1
2653,43.74,-79.586,2
2654,43.74,-79.504,1
2655,43.74,-79.434,1
2656,43.74,-79.405,2
2657,43.74,-79.344,1
2658,43.74,-79.332,5
2659,43.74,-79.327,1
2660,43.74,-79.324,1
2661,43.74,-79.323,1
2662,43.74,-79.283,1
2663,43.74,-79.274,1
2664,43.74,-79.261,1
2665,43.74,-79.245,1
2666,43.74,-79.232,4
2667,43.741,-79.594,3
2668,43.741,-79.59,1
2669,43.741,-79.589,5
2670,43.741,-79.581,1
2671,43.741,-79.539,1
2672,43.741,-79.502,1
2673,43.741,-79.501,2
2674,43.741,-79.454,2
2675,43.741,-79.406,2
2676,43.741,-79.325,1
2677,43.741,-79.319,4
2678,43.741,-79.314,2
2679,43.741,-79.312,2
2680,43.741,-79.303,1
2681,43.741,-79.293,1
2682,43.741,-79.25,1
2683,43.741,-79.234,1
2684,43.741,-79.232,1
2685,43.741,-79.225,2
2686,43.741,-79.218,1
2687,43.741,-79.214,1
2688,43.742,-79.606,1
2689,43.742,-79.6,1
2690,43.742,-79.599,1
2691,43.742,-79.595,1
2692,43.742,-79.594,2
2693,43.742,-79.567,1
2694,43.742,-79.454,1
2695,43.742,-79.418,1
2696,43.742,-79.332,1
2697,43.742,-79.309,4
2698,43.742,-79.307,3
2699,43.742,-79.272,1
2700,43.742,-79.247,1
2701,43.742,-79.222,1
2702,43.742,-79.219,1
2703,43.743,-79.603,1
2704,43.743,-79.592,1
2705,43.743,-79.587,1
2706,43.743,-79.582,6
2707,43.743,-79.581,1
2708,43.743,-79.569,1
2709,43.743,-79.568,1
2710,43.743,-79.501,1
2711,43.743,-79.494,2
2712,43.743,-79.492,1
2713,43.743,-79.491,1
2714,43.743,-79.49,1
2715,43.743,-79.406,1
2716,43.743,-79.332,1
2717,43.743,-79.304,2
2718,43.743,-79.301,2
2719,43.743,-79.251,1
2720,43.743,-79.244,2
2721,43.743,-79.219,1
2722,43.743,-79.218,3
2723,43.743,-79.217,1
2724,43.743,-79.215,2
2725,43.743,-79.211,1
2726,43.744,-79.609,1
2727,43.744,-79.607,3
2728,43.744,-79.601,1
2729,43.744,-79.595,3
2730,43.744,-79.582,2
2731,43.744,-79.514,2
2732,43.744,-79.487,2
2733,43.744,-79.486,4
2734,43.744,-79.406,6
2735,43.744,-79.345,1
2736,43.744,-79.305,1
2737,43.744,-79.3,2
2738,43.744,-79.299,1
2739,43.744,-79.298,2
2740,43.744,-79.283,1
2741,43.744,-79.244,1
2742,43.744,-79.214,1
2743,43.745,-79.614,1
2744,43.745,-79.613,1
2745,43.745,-79.582,1
2746,43.745,-79.572,1
2747,43.745,-79.406,1
2748,43.745,-79.398,1
2749,43.745,-79.397,1
2750,43.745,-79.294,4
2751,43.745,-79.292,1
2752,43.745,-79.291,1
2753,43.745,-79.273,1
2754,43.745,-79.251,1
2755,43.745,-79.23,1
2756,43.745,-79.219,1
2757,43.745,-79.209,3
2758,43.746,-79.621,1
2759,43.746,-79.583,2
2760,43.746,-79.568,3
2761,43.746,-79.566,1
2762,43.746,-79.515,1
2763,43.746,-79.482,1
2764,43.746,-79.444,1
2765,43.746,-79.391,1
2766,43.746,-79.345,1
2767,43.746,-79.301,1
2768,43.746,-79.291,3
2769,43.746,-79.287,2
2770,43.746,-79.244,1
2771,43.746,-79.204,1
2772,43.746,-79.198,1
2773,43.747,-79.634,1
2774,43.747,-79.632,1
2775,43.747,-79.626,1
2776,43.747,-79.564,1
2777,43.747,-79.562,3
2778,43.747,-79.561,1
2779,43.747,-79.515,5
2780,43.747,-79.487,1
2781,43.747,-79.462,1
2782,43.747,-79.449,1
2783,43.747,-79.407,2
2784,43.747,-79.388,2
2785,43.747,-79.311,2
2786,43.747,-79.284,2
2787,43.747,-79.283,1
2788,43.747,-79.274,1
2789,43.747,-79.263,1
2790,43.747,-79.244,1
2791,43.747,-79.22,1
2792,43.747,-79.207,1
2793,43.747,-79.201,1
2794,43.748,-79.584,1
2795,43.748,-79.568,1
2796,43.748,-79.558,1
2797,43.748,-79.557,2
2798,43.748,-79.541,1
2799,43.748,-79.506,1
2800,43.748,-79.482,2
2801,43.748,-79.468,1
2802,43.748,-79.462,1
2803,43.748,-79.454,1
2804,43.748,-79.449,1
2805,43.748,-79.312,1
2806,43.748,-79.295,1
2807,43.748,-79.274,1
2808,43.748,-79.253,1
2809,43.748,-79.244,1
2810,43.748,-79.202,1
2811,43.749,-79.638,1
2812,43.749,-79.61,4
2813,43.749,-79.567,1
2814,43.749,-79.554,1
2815,43.749,-79.552,2
2816,43.749,-79.526,1
2817,43.749,-79.515,1
2818,43.749,-79.487,2
2819,43.749,-79.482,1
2820,43.749,-79.436,1
2821,43.749,-79.378,1
2822,43.749,-79.277,1
2823,43.749,-79.274,4
2824,43.749,-79.264,1
2825,43.749,-79.244,2
2826,43.749,-79.239,1
2827,43.749,-79.205,1
2828,43.75,-79.598,2
2829,43.75,-79.585,1
2830,43.75,-79.57,1
2831,43.75,-79.562,1
2832,43.75,-79.549,2
2833,43.75,-79.494,1
2834,43.75,-79.492,1
2835,43.75,-79.463,3
2836,43.75,-79.462,1
2837,43.75,-79.437,1
2838,43.75,-79.384,1
2839,43.75,-79.346,1
2840,43.75,-79.307,1
2841,43.75,-79.296,1
2842,43.75,-79.289,1
2843,43.75,-79.254,1
2844,43.75,-79.244,2
2845,43.751,-79.634,2
2846,43.751,-79.633,1
2847,43.751,-79.565,1
2848,43.751,-79.56,1
2849,43.751,-79.544,3
2850,43.751,-79.543,1
2851,43.751,-79.516,1
2852,43.751,-79.495,1
2853,43.751,-79.488,1
2854,43.751,-79.467,1
2855,43.751,-79.456,3
2856,43.751,-79.455,1
2857,43.751,-79.437,1
2858,43.751,-79.37,1
2859,43.751,-79.347,1
2860,43.751,-79.325,1
2861,43.751,-79.312,1
2862,43.751,-79.306,1
2863,43.751,-79.286,2
2864,43.751,-79.267,1
2865,43.751,-79.265,2
2866,43.751,-79.222,2
2867,43.752,-79.599,2
2868,43.752,-79.568,1
2869,43.752,-79.542,5
2870,43.752,-79.541,1
2871,43.752,-79.512,1
2872,43.752,-79.488,1
2873,43.752,-79.457,1
2874,43.752,-79.451,2
2875,43.752,-79.437,3
2876,43.752,-79.408,3
2877,43.752,-79.328,1
2878,43.752,-79.326,1
2879,43.752,-79.303,1
2880,43.752,-79.297,2
2881,43.752,-79.261,1
2882,43.752,-79.259,1
2883,43.752,-79.258,1
2884,43.752,-79.223,1
2885,43.752,-79.212,1
2886,43.752,-79.19,1
2887,43.753,-79.624,1
2888,43.753,-79.62,1
2889,43.753,-79.587,1
2890,43.753,-79.568,1
2891,43.753,-79.553,1
2892,43.753,-79.544,1
2893,43.753,-79.542,2
2894,43.753,-79.536,5
2895,43.753,-79.534,1
2896,43.753,-79.518,1
2897,43.753,-79.516,1
2898,43.753,-79.499,1
2899,43.753,-79.488,3
2900,43.753,-79.468,1
2901,43.753,-79.448,1
2902,43.753,-79.437,1
2903,43.753,-79.385,1
2904,43.753,-79.357,3
2905,43.753,-79.308,2
2906,43.753,-79.276,1
2907,43.753,-79.265,2
2908,43.753,-79.244,1
2909,43.753,-79.234,1
2910,43.753,-79.179,1
2911,43.754,-79.619,1
2912,43.754,-79.6,1
2913,43.754,-79.532,2
2914,43.754,-79.517,2
2915,43.754,-79.513,1
2916,43.754,-79.488,2
2917,43.754,-79.482,1
2918,43.754,-79.463,1
2919,43.754,-79.458,1
2920,43.754,-79.456,1
2921,43.754,-79.443,1
2922,43.754,-79.442,1
2923,43.754,-79.408,1
2924,43.754,-79.36,1
2925,43.754,-79.351,1
2926,43.754,-79.35,1
2927,43.754,-79.313,2
2928,43.754,-79.298,2
2929,43.754,-79.266,1
2930,43.754,-79.251,2
2931,43.754,-79.25,1
2932,43.754,-79.245,1
2933,43.755,-79.615,2
2934,43.755,-79.614,4
2935,43.755,-79.612,1
2936,43.755,-79.604,1
2937,43.755,-79.601,1
2938,43.755,-79.527,1
2939,43.755,-79.524,6
2940,43.755,-79.459,1
2941,43.755,-79.441,2
2942,43.755,-79.44,1
2943,43.755,-79.439,1
2944,43.755,-79.438,6
2945,43.755,-79.436,1
2946,43.755,-79.36,1
2947,43.755,-79.35,1
2948,43.755,-79.347,1
2949,43.755,-79.346,2
2950,43.755,-79.314,2
2951,43.755,-79.266,1
2952,43.755,-79.247,1
2953,43.755,-79.246,2
2954,43.755,-79.245,7
2955,43.755,-79.243,1
2956,43.755,-79.221,1
2957,43.755,-79.2,1
2958,43.756,-79.599,1
2959,43.756,-79.551,2
2960,43.756,-79.543,1
2961,43.756,-79.522,1
2962,43.756,-79.519,3
2963,43.756,-79.517,1
2964,43.756,-79.508,1
2965,43.756,-79.446,1
2966,43.756,-79.438,2
2967,43.756,-79.43,1
2968,43.756,-79.409,1
2969,43.756,-79.341,1
2970,43.756,-79.326,1
2971,43.756,-79.314,1
2972,43.756,-79.277,1
2973,43.756,-79.266,1
2974,43.756,-79.229,2
2975,43.757,-79.603,1
2976,43.757,-79.602,1
2977,43.757,-79.553,1
2978,43.757,-79.519,1
2979,43.757,-79.517,1
2980,43.757,-79.464,1
2981,43.757,-79.413,1
2982,43.757,-79.409,2
2983,43.757,-79.341,1
2984,43.757,-79.315,2
2985,43.757,-79.31,1
2986,43.757,-79.235,1
2987,43.757,-79.224,1
2988,43.757,-79.214,1
2989,43.757,-79.199,1
2990,43.757,-79.195,1
2991,43.758,-79.602,1
2992,43.758,-79.559,1
2993,43.758,-79.521,2
2994,43.758,-79.518,1
2995,43.758,-79.513,3
2996,43.758,-79.512,1
2997,43.758,-79.511,1
2998,43.758,-79.425,1
2999,43.758,-79.424,1
3000,43.758,-79.422,3
3001,43.758,-79.41,3
3002,43.758,-79.335,1
3003,43.758,-79.334,1
3004,43.758,-79.313,1
3005,43.758,-79.312,1
3006,43.758,-79.311,2
3007,43.758,-79.31,1
3008,43.758,-79.267,1
3009,43.758,-79.257,2
3010,43.758,-79.246,1
3011,43.758,-79.233,2
3012,43.758,-79.23,1
3013,43.758,-79.197,1
3014,43.759,-79.596,2
3015,43.759,-79.595,2
3016,43.759,-79.589,1
3017,43.759,-79.571,1
3018,43.759,-79.511,1
3019,43.759,-79.508,1
3020,43.759,-79.507,3
3021,43.759,-79.455,2
3022,43.759,-79.419,1
3023,43.759,-79.41,1
3024,43.759,-79.318,1
3025,43.759,-79.316,1
3026,43.759,-79.31,2
3027,43.759,-79.309,2
3028,43.759,-79.307,1
3029,43.759,-79.267,1
3030,43.759,-79.257,1
3031,43.759,-79.246,1
3032,43.759,-79.236,1
3033,43.759,-79.228,1
3034,43.759,-79.226,1
3035,43.759,-79.225,3
3036,43.759,-79.213,1
3037,43.76,-79.59,1
3038,43.76,-79.586,1
3039,43.76,-79.583,1
3040,43.76,-79.57,1
3041,43.76,-79.503,1
3042,43.76,-79.499,1
3043,43.76,-79.493,1
3044,43.76,-79.465,1
3045,43.76,-79.464,1
3046,43.76,-79.453,1
3047,43.76,-79.411,1
3048,43.76,-79.41,2
3049,43.76,-79.386,1
3050,43.76,-79.361,1
3051,43.76,-79.358,1
3052,43.76,-79.327,2
3053,43.76,-79.304,1
3054,43.76,-79.28,1
3055,43.76,-79.233,1
3056,43.76,-79.222,3
3057,43.76,-79.215,1
3058,43.76,-79.196,1
3059,43.76,-79.182,1
3060,43.761,-79.581,1
3061,43.761,-79.499,2
3062,43.761,-79.465,3
3063,43.761,-79.448,1
3064,43.761,-79.413,1
3065,43.761,-79.41,4
3066,43.761,-79.386,1
3067,43.761,-79.347,1
3068,43.761,-79.344,1
3069,43.761,-79.336,1
3070,43.761,-79.323,1
3071,43.761,-79.322,1
3072,43.761,-79.316,1
3073,43.761,-79.3,2
3074,43.761,-79.279,1
3075,43.761,-79.271,1
3076,43.761,-79.268,1
3077,43.761,-79.215,5
3078,43.761,-79.194,1
3079,43.762,-79.579,1
3080,43.762,-79.518,2
3081,43.762,-79.503,1
3082,43.762,-79.49,2
3083,43.762,-79.411,1
3084,43.762,-79.408,1
3085,43.762,-79.406,1
3086,43.762,-79.361,3
3087,43.762,-79.328,1
3088,43.762,-79.294,1
3089,43.762,-79.279,2
3090,43.762,-79.258,1
3091,43.762,-79.226,1
3092,43.762,-79.222,1
3093,43.762,-79.211,3
3094,43.762,-79.194,1
3095,43.763,-79.577,1
3096,43.763,-79.576,1
3097,43.763,-79.521,1
3098,43.763,-79.498,1
3099,43.763,-79.491,1
3100,43.763,-79.49,4
3101,43.763,-79.412,1
3102,43.763,-79.411,1
3103,43.763,-79.397,1
3104,43.763,-79.387,1
3105,43.763,-79.317,3
3106,43.763,-79.301,5
3107,43.763,-79.291,3
3108,43.763,-79.258,1
3109,43.763,-79.248,1
3110,43.763,-79.209,1
3111,43.763,-79.205,2
3112,43.764,-79.574,3
3113,43.764,-79.573,1
3114,43.764,-79.545,1
3115,43.764,-79.501,1
3116,43.764,-79.488,2
3117,43.764,-79.485,1
3118,43.764,-79.476,1
3119,43.764,-79.44,1
3120,43.764,-79.387,2
3121,43.764,-79.343,1
3122,43.764,-79.318,2
3123,43.764,-79.287,1
3124,43.764,-79.28,1
3125,43.764,-79.248,1
3126,43.764,-79.205,1
3127,43.764,-79.204,1
3128,43.764,-79.192,1
3129,43.764,-79.184,1
3130,43.765,-79.519,1
3131,43.765,-79.496,1
3132,43.765,-79.491,1
3133,43.765,-79.482,2
3134,43.765,-79.466,1
3135,43.765,-79.44,1
3136,43.765,-79.425,1
3137,43.765,-79.412,1
3138,43.765,-79.411,1
3139,43.765,-79.409,2
3140,43.765,-79.291,1
3141,43.765,-79.283,1
3142,43.765,-79.282,1
3143,43.765,-79.281,6
3144,43.765,-79.218,1
3145,43.765,-79.199,2
3146,43.765,-79.191,1
3147,43.765,-79.17,1
3148,43.766,-79.564,1
3149,43.766,-79.526,1
3150,43.766,-79.466,1
3151,43.766,-79.458,1
3152,43.766,-79.415,1
3153,43.766,-79.414,1
3154,43.766,-79.388,1
3155,43.766,-79.375,1
3156,43.766,-79.319,1
3157,43.766,-79.195,1
3158,43.767,-79.56,1
3159,43.767,-79.557,1
3160,43.767,-79.52,1
3161,43.767,-79.492,1
3162,43.767,-79.491,2
3163,43.767,-79.471,1
3164,43.767,-79.415,1
3165,43.767,-79.412,1
3166,43.767,-79.401,1
3167,43.767,-79.388,1
3168,43.767,-79.384,1
3169,43.767,-79.383,3
3170,43.767,-79.363,1
3171,43.767,-79.292,1
3172,43.767,-79.285,1
3173,43.767,-79.273,1
3174,43.767,-79.271,3
3175,43.767,-79.239,2
3176,43.767,-79.228,2
3177,43.767,-79.207,1
3178,43.767,-79.189,5
3179,43.767,-79.181,1
3180,43.768,-79.554,1
3181,43.768,-79.522,1
3182,43.768,-79.52,1
3183,43.768,-79.501,1
3184,43.768,-79.492,1
3185,43.768,-79.469,2
3186,43.768,-79.466,4
3187,43.768,-79.426,1
3188,43.768,-79.412,1
3189,43.768,-79.401,1
3190,43.768,-79.356,1
3191,43.768,-79.319,1
3192,43.768,-79.303,1
3193,43.768,-79.281,1
3194,43.768,-79.25,1
3195,43.768,-79.237,1
3196,43.768,-79.188,1
3197,43.768,-79.187,2
3198,43.768,-79.186,5
3199,43.768,-79.185,2
3200,43.769,-79.552,1
3201,43.769,-79.549,1
3202,43.769,-79.52,1
3203,43.769,-79.464,1
3204,43.769,-79.412,2
3205,43.769,-79.388,4
3206,43.769,-79.376,1
3207,43.769,-79.364,1
3208,43.769,-79.346,4
3209,43.769,-79.303,1
3210,43.769,-79.282,7
3211,43.769,-79.237,2
3212,43.769,-79.228,1
3213,43.769,-79.218,1
3214,43.769,-79.183,1
3215,43.769,-79.182,2
3216,43.769,-79.179,1
3217,43.769,-79.175,1
3218,43.77,-79.546,2
3219,43.77,-79.543,1
3220,43.77,-79.52,3
3221,43.77,-79.5,1
3222,43.77,-79.46,3
3223,43.77,-79.442,1
3224,43.77,-79.381,1
3225,43.77,-79.371,2
3226,43.77,-79.324,1
3227,43.77,-79.277,1
3228,43.77,-79.271,1
3229,43.77,-79.261,5
3230,43.77,-79.186,3
3231,43.77,-79.179,1
3232,43.77,-79.178,1
3233,43.771,-79.54,1
3234,43.771,-79.538,1
3235,43.771,-79.524,1
3236,43.771,-79.455,1
3237,43.771,-79.454,1
3238,43.771,-79.413,2
3239,43.771,-79.377,1
3240,43.771,-79.367,1
3241,43.771,-79.364,1
3242,43.771,-79.321,2
3243,43.771,-79.285,1
3244,43.771,-79.283,1
3245,43.771,-79.275,1
3246,43.771,-79.253,1
3247,43.771,-79.251,1
3248,43.771,-79.229,1
3249,43.771,-79.212,1
3250,43.771,-79.186,1
3251,43.771,-79.173,1
3252,43.771,-79.171,1
3253,43.772,-79.537,1
3254,43.772,-79.448,3
3255,43.772,-79.447,1
3256,43.772,-79.413,1
3257,43.772,-79.377,1
3258,43.772,-79.346,1
3259,43.772,-79.336,1
3260,43.772,-79.272,1
3261,43.772,-79.251,8
3262,43.772,-79.166,1
3263,43.772,-79.165,1
3264,43.772,-79.16,1
3265,43.773,-79.531,1
3266,43.773,-79.529,1
3267,43.773,-79.525,1
3268,43.773,-79.442,4
3269,43.773,-79.421,1
3270,43.773,-79.413,2
3271,43.773,-79.403,2
3272,43.773,-79.353,3
3273,43.773,-79.346,1
3274,43.773,-79.322,1
3275,43.773,-79.305,1
3276,43.773,-79.283,4
3277,43.773,-79.282,1
3278,43.773,-79.268,1
3279,43.773,-79.246,2
3280,43.773,-79.23,3
3281,43.773,-79.183,1
3282,43.774,-79.527,1
3283,43.774,-79.443,2
3284,43.774,-79.438,2
3285,43.774,-79.414,1
3286,43.774,-79.404,1
3287,43.774,-79.389,2
3288,43.774,-79.353,1
3289,43.774,-79.351,1
3290,43.774,-79.347,1
3291,43.774,-79.295,4
3292,43.774,-79.284,1
3293,43.774,-79.266,1
3294,43.774,-79.252,6
3295,43.774,-79.241,2
3296,43.774,-79.227,1
3297,43.774,-79.188,1
3298,43.774,-79.181,1
3299,43.774,-79.179,1
3300,43.775,-79.522,1
3301,43.775,-79.521,3
3302,43.775,-79.493,1
3303,43.775,-79.468,1
3304,43.775,-79.434,1
3305,43.775,-79.414,2
3306,43.775,-79.412,1
3307,43.775,-79.389,1
3308,43.775,-79.347,4
3309,43.775,-79.346,1
3310,43.775,-79.343,4
3311,43.775,-79.337,2
3312,43.775,-79.333,1
3313,43.775,-79.331,1
3314,43.775,-79.323,1
3315,43.775,-79.322,2
3316,43.775,-79.32,1
3317,43.775,-79.306,1
3318,43.775,-79.302,1
3319,43.775,-79.274,1
3320,43.775,-79.263,2
3321,43.775,-79.252,1
3322,43.775,-79.238,1
3323,43.775,-79.234,1
3324,43.775,-79.221,1
3325,43.775,-79.205,1
3326,43.775,-79.189,1
3327,43.775,-79.177,1
3328,43.775,-79.175,1
3329,43.776,-79.516,1
3330,43.776,-79.474,1
3331,43.776,-79.468,1
3332,43.776,-79.43,2
3333,43.776,-79.429,1
3334,43.776,-79.414,1
3335,43.776,-79.413,2
3336,43.776,-79.341,1
3337,43.776,-79.323,1
3338,43.776,-79.318,1
3339,43.776,-79.317,2
3340,43.776,-79.316,1
3341,43.776,-79.285,1
3342,43.776,-79.263,1
3343,43.776,-79.254,1
3344,43.776,-79.233,1
3345,43.776,-79.232,1
3346,43.776,-79.231,5
3347,43.776,-79.18,2
3348,43.776,-79.173,2
3349,43.777,-79.511,1
3350,43.777,-79.503,1
3351,43.777,-79.427,1
3352,43.777,-79.426,1
3353,43.777,-79.417,1
3354,43.777,-79.413,1
3355,43.777,-79.347,3
3356,43.777,-79.324,1
3357,43.777,-79.315,1
3358,43.777,-79.313,1
3359,43.777,-79.311,1
3360,43.777,-79.285,2
3361,43.777,-79.26,1
3362,43.777,-79.231,2
3363,43.777,-79.226,1
3364,43.777,-79.211,1
3365,43.777,-79.146,2
3366,43.777,-79.145,1
3367,43.778,-79.422,1
3368,43.778,-79.421,1
3369,43.778,-79.405,1
3370,43.778,-79.39,1
3371,43.778,-79.337,1
3372,43.778,-79.332,1
3373,43.778,-79.317,1
3374,43.778,-79.307,6
3375,43.778,-79.297,1
3376,43.778,-79.232,1
3377,43.778,-79.222,3
3378,43.778,-79.214,1
3379,43.778,-79.157,1
3380,43.778,-79.139,1
3381,43.779,-79.504,1
3382,43.779,-79.502,1
3383,43.779,-79.475,1
3384,43.779,-79.416,1
3385,43.779,-79.415,4
3386,43.779,-79.39,1
3387,43.779,-79.378,1
3388,43.779,-79.365,1
3389,43.779,-79.345,3
3390,43.779,-79.324,1
3391,43.779,-79.304,2
3392,43.779,-79.303,2
3393,43.779,-79.275,1
3394,43.779,-79.264,1
3395,43.779,-79.254,2
3396,43.779,-79.251,1
3397,43.779,-79.232,3
3398,43.779,-79.217,3
3399,43.779,-79.15,1
3400,43.78,-79.469,1
3401,43.78,-79.446,1
3402,43.78,-79.419,1
3403,43.78,-79.413,2
3404,43.78,-79.412,4
3405,43.78,-79.409,1
3406,43.78,-79.406,1
3407,43.78,-79.35,1
3408,43.78,-79.325,2
3409,43.78,-79.308,1
3410,43.78,-79.3,2
3411,43.78,-79.27,1
3412,43.78,-79.244,1
3413,43.78,-79.243,1
3414,43.78,-79.233,2
3415,43.78,-79.131,1
3416,43.781,-79.494,8
3417,43.781,-79.493,2
3418,43.781,-79.444,2
3419,43.781,-79.432,1
3420,43.781,-79.415,1
3421,43.781,-79.412,1
3422,43.781,-79.409,1
3423,43.781,-79.401,1
3424,43.781,-79.366,1
3425,43.781,-79.358,1
3426,43.781,-79.351,1
3427,43.781,-79.335,1
3428,43.781,-79.325,1
3429,43.781,-79.32,2
3430,43.781,-79.298,2
3431,43.781,-79.233,3
3432,43.781,-79.224,1
3433,43.782,-79.49,2
3434,43.782,-79.479,1
3435,43.782,-79.445,1
3436,43.782,-79.436,1
3437,43.782,-79.416,1
3438,43.782,-79.413,1
3439,43.782,-79.407,1
3440,43.782,-79.403,1
3441,43.782,-79.402,1
3442,43.782,-79.401,3
3443,43.782,-79.391,3
3444,43.782,-79.352,1
3445,43.782,-79.349,2
3446,43.782,-79.303,1
3447,43.782,-79.298,1
3448,43.782,-79.293,1
3449,43.782,-79.292,5
3450,43.782,-79.291,1
3451,43.782,-79.289,2
3452,43.782,-79.286,1
3453,43.782,-79.232,1
3454,43.782,-79.206,2
3455,43.782,-79.204,2
3456,43.782,-79.192,1
3457,43.782,-79.176,1
3458,43.782,-79.172,1
3459,43.783,-79.487,1
3460,43.783,-79.486,1
3461,43.783,-79.47,2
3462,43.783,-79.433,1
3463,43.783,-79.416,2
3464,43.783,-79.407,1
3465,43.783,-79.391,1
3466,43.783,-79.366,1
3467,43.783,-79.3,1
3468,43.783,-79.299,2
3469,43.783,-79.289,1
3470,43.783,-79.288,4
3471,43.783,-79.287,1
3472,43.783,-79.266,2
3473,43.783,-79.255,1
3474,43.783,-79.234,1
3475,43.783,-79.231,3
3476,43.783,-79.205,1
3477,43.783,-79.202,1
3478,43.783,-79.17,1
3479,43.783,-79.138,1
3480,43.784,-79.481,3
3481,43.784,-79.445,1
3482,43.784,-79.416,2
3483,43.784,-79.394,1
3484,43.784,-79.353,1
3485,43.784,-79.327,1
3486,43.784,-79.31,2
3487,43.784,-79.288,2
3488,43.784,-79.256,1
3489,43.784,-79.252,1
3490,43.784,-79.169,1
3491,43.784,-79.168,2
3492,43.784,-79.164,1
3493,43.784,-79.162,1
3494,43.785,-79.445,1
3495,43.785,-79.441,1
3496,43.785,-79.417,1
3497,43.785,-79.409,1
3498,43.785,-79.392,1
3499,43.785,-79.353,1
3500,43.785,-79.339,1
3501,43.785,-79.312,1
3502,43.785,-79.31,2
3503,43.785,-79.289,3
3504,43.785,-79.278,3
3505,43.785,-79.271,1
3506,43.785,-79.256,4
3507,43.785,-79.253,1
3508,43.785,-79.235,1
3509,43.785,-79.232,1
3510,43.785,-79.164,1
3511,43.786,-79.474,1
3512,43.786,-79.417,2
3513,43.786,-79.384,1
3514,43.786,-79.311,2
3515,43.786,-79.272,1
3516,43.786,-79.267,1
3517,43.786,-79.242,1
3518,43.786,-79.219,1
3519,43.786,-79.188,2
3520,43.786,-79.139,1
3521,43.787,-79.47,3
3522,43.787,-79.417,1
3523,43.787,-79.415,1
3524,43.787,-79.38,1
3525,43.787,-79.352,1
3526,43.787,-79.276,1
3527,43.787,-79.268,2
3528,43.787,-79.257,2
3529,43.787,-79.183,1
3530,43.787,-79.17,1
3531,43.787,-79.15,2
3532,43.788,-79.463,2
3533,43.788,-79.446,2
3534,43.788,-79.417,2
3535,43.788,-79.409,3
3536,43.788,-79.392,1
3537,43.788,-79.331,1
3538,43.788,-79.307,1
3539,43.788,-79.28,1
3540,43.788,-79.268,1
3541,43.788,-79.262,2
3542,43.788,-79.24,1
3543,43.788,-79.162,1
3544,43.788,-79.158,1
3545,43.788,-79.145,1
3546,43.788,-79.14,1
3547,43.788,-79.136,1
3548,43.789,-79.457,1
3549,43.789,-79.446,2
3550,43.789,-79.443,1
3551,43.789,-79.413,1
3552,43.789,-79.373,2
3553,43.789,-79.368,1
3554,43.789,-79.367,1
3555,43.789,-79.343,1
3556,43.789,-79.329,1
3557,43.789,-79.323,1
3558,43.789,-79.259,1
3559,43.789,-79.258,2
3560,43.789,-79.174,1
3561,43.79,-79.453,3
3562,43.79,-79.452,1
3563,43.79,-79.444,1
3564,43.79,-79.419,1
3565,43.79,-79.418,1
3566,43.79,-79.368,1
3567,43.79,-79.365,1
3568,43.79,-79.363,1
3569,43.79,-79.362,1
3570,43.79,-79.355,1
3571,43.79,-79.354,2
3572,43.79,-79.316,1
3573,43.79,-79.269,2
3574,43.79,-79.212,1
3575,43.79,-79.173,1
3576,43.79,-79.17,1
3577,43.79,-79.125,1
3578,43.791,-79.418,1
3579,43.791,-79.397,1
3580,43.791,-79.386,1
3581,43.791,-79.368,1
3582,43.791,-79.358,2
3583,43.791,-79.313,1
3584,43.791,-79.291,1
3585,43.791,-79.279,1
3586,43.791,-79.251,1
3587,43.791,-79.25,1
3588,43.791,-79.237,1
3589,43.791,-79.228,1
3590,43.792,-79.447,1
3591,43.792,-79.445,6
3592,43.792,-79.44,1
3593,43.792,-79.437,1
3594,43.792,-79.436,1
3595,43.792,-79.426,2
3596,43.792,-79.393,2
3597,43.792,-79.354,6
3598,43.792,-79.335,1
3599,43.792,-79.313,1
3600,43.792,-79.284,1
3601,43.792,-79.245,1
3602,43.792,-79.206,1
3603,43.792,-79.155,1
3604,43.793,-79.427,1
3605,43.793,-79.421,1
3606,43.793,-79.411,1
3607,43.793,-79.357,1
3608,43.793,-79.354,1
3609,43.793,-79.352,7
3610,43.793,-79.35,1
3611,43.793,-79.336,1
3612,43.793,-79.331,4
3613,43.793,-79.328,2
3614,43.793,-79.312,1
3615,43.793,-79.303,1
3616,43.793,-79.281,1
3617,43.793,-79.242,1
3618,43.793,-79.24,1
3619,43.793,-79.238,3
3620,43.793,-79.179,1
3621,43.794,-79.436,1
3622,43.794,-79.419,3
3623,43.794,-79.326,1
3624,43.794,-79.325,1
3625,43.794,-79.323,1
3626,43.794,-79.314,2
3627,43.794,-79.303,1
3628,43.794,-79.294,1
3629,43.794,-79.29,1
3630,43.794,-79.234,3
3631,43.794,-79.196,2
3632,43.795,-79.429,2
3633,43.795,-79.419,1
3634,43.795,-79.415,1
3635,43.795,-79.412,1
3636,43.795,-79.408,1
3637,43.795,-79.394,1
3638,43.795,-79.38,1
3639,43.795,-79.341,2
3640,43.795,-79.332,1
3641,43.795,-79.319,3
3642,43.795,-79.292,1
3643,43.795,-79.272,1
3644,43.795,-79.237,1
3645,43.795,-79.231,1
3646,43.795,-79.23,1
3647,43.795,-79.229,1
3648,43.795,-79.223,1
3649,43.795,-79.216,1
3650,43.795,-79.196,1
3651,43.796,-79.429,1
3652,43.796,-79.426,2
3653,43.796,-79.424,2
3654,43.796,-79.419,2
3655,43.796,-79.323,1
3656,43.796,-79.318,1
3657,43.796,-79.315,3
3658,43.796,-79.314,1
3659,43.796,-79.272,1
3660,43.796,-79.25,1
3661,43.796,-79.248,1
3662,43.796,-79.235,1
3663,43.796,-79.227,1
3664,43.796,-79.225,1
3665,43.796,-79.21,1
3666,43.796,-79.149,1
3667,43.797,-79.422,1
3668,43.797,-79.42,6
3669,43.797,-79.413,1
3670,43.797,-79.333,1
3671,43.797,-79.316,1
3672,43.797,-79.312,5
3673,43.797,-79.305,1
3674,43.797,-79.294,1
3675,43.797,-79.283,1
3676,43.797,-79.272,1
3677,43.797,-79.204,3
3678,43.797,-79.197,1
3679,43.797,-79.149,1
3680,43.797,-79.147,1
3681,43.797,-79.144,1
3682,43.798,-79.417,1
3683,43.798,-79.375,2
3684,43.798,-79.36,1
3685,43.798,-79.333,2
3686,43.798,-79.328,1
3687,43.798,-79.305,1
3688,43.798,-79.273,1
3689,43.798,-79.241,1
3690,43.798,-79.217,3
3691,43.798,-79.216,1
3692,43.798,-79.202,1
3693,43.798,-79.147,1
3694,43.798,-79.146,3
3695,43.798,-79.145,1
3696,43.799,-79.414,1
3697,43.799,-79.354,2
3698,43.799,-79.337,1
3699,43.799,-79.32,1
3700,43.799,-79.303,1
3701,43.799,-79.273,1
3702,43.799,-79.237,1
3703,43.799,-79.212,1
3704,43.799,-79.191,1
3705,43.799,-79.188,1
3706,43.799,-79.132,1
3707,43.8,-79.307,1
3708,43.8,-79.299,2
3709,43.8,-79.294,1
3710,43.8,-79.284,1
3711,43.8,-79.236,1
3712,43.8,-79.199,5
3713,43.8,-79.19,2
3714,43.8,-79.143,1
3715,43.801,-79.406,2
3716,43.801,-79.404,1
3717,43.801,-79.318,2
3718,43.801,-79.313,1
3719,43.801,-79.307,1
3720,43.801,-79.302,1
3721,43.801,-79.3,1
3722,43.801,-79.296,4
3723,43.801,-79.294,2
3724,43.801,-79.263,2
3725,43.801,-79.218,1
3726,43.801,-79.199,4
3727,43.801,-79.142,1
3728,43.802,-79.401,1
3729,43.802,-79.397,1
3730,43.802,-79.308,1
3731,43.802,-79.27,1
3732,43.802,-79.262,1
3733,43.802,-79.217,1
3734,43.802,-79.198,2
3735,43.802,-79.191,1
3736,43.802,-79.154,1
3737,43.803,-79.396,1
3738,43.803,-79.37,1
3739,43.803,-79.298,1
3740,43.803,-79.288,1
3741,43.803,-79.286,5
3742,43.803,-79.194,1
3743,43.803,-79.191,1
3744,43.803,-79.176,1
3745,43.803,-79.17,1
3746,43.804,-79.355,1
3747,43.804,-79.336,2
3748,43.804,-79.334,1
3749,43.804,-79.33,4
3750,43.804,-79.32,1
3751,43.804,-79.284,1
3752,43.804,-79.281,1
3753,43.804,-79.276,2
3754,43.804,-79.225,1
3755,43.804,-79.224,2
3756,43.804,-79.186,1
3757,43.804,-79.168,2
3758,43.805,-79.385,3
3759,43.805,-79.32,1
3760,43.805,-79.298,1
3761,43.805,-79.277,3
3762,43.805,-79.228,1
3763,43.805,-79.226,2
3764,43.805,-79.217,1
3765,43.805,-79.2,1
3766,43.805,-79.159,1
3767,43.806,-79.383,2
3768,43.806,-79.322,1
3769,43.806,-79.32,1
3770,43.806,-79.288,1
3771,43.806,-79.255,1
3772,43.806,-79.18,1
3773,43.807,-79.376,1
3774,43.807,-79.357,1
3775,43.807,-79.332,1
3776,43.807,-79.315,1
3777,43.807,-79.314,1
3778,43.807,-79.288,2
3779,43.807,-79.267,1
3780,43.807,-79.266,2
3781,43.807,-79.262,1
3782,43.807,-79.234,1
3783,43.807,-79.215,1
3784,43.807,-79.175,2
3785,43.807,-79.17,2
3786,43.808,-79.372,1
3787,43.808,-79.37,1
3788,43.808,-79.358,1
3789,43.808,-79.321,1
3790,43.808,-79.311,1
3791,43.808,-79.3,1
3792,43.808,-79.266,2
3793,43.808,-79.263,1
3794,43.808,-79.262,3
3795,43.808,-79.22,1
3796,43.808,-79.219,1
3797,43.808,-79.206,1
3798,43.808,-79.202,2
3799,43.808,-79.171,1
3800,43.808,-79.17,4
3801,43.809,-79.366,4
3802,43.809,-79.359,1
3803,43.809,-79.338,1
3804,43.809,-79.322,1
3805,43.809,-79.29,1
3806,43.809,-79.289,1
3807,43.809,-79.271,1
3808,43.809,-79.267,1
3809,43.809,-79.257,3
3810,43.809,-79.243,1
3811,43.809,-79.221,3
3812,43.809,-79.167,1
3813,43.809,-79.166,1
3814,43.81,-79.312,1
3815,43.81,-79.279,1
3816,43.81,-79.27,1
3817,43.81,-79.252,3
3818,43.81,-79.236,1
3819,43.81,-79.22,1
3820,43.81,-79.219,1
3821,43.81,-79.216,1
3822,43.81,-79.162,1
3823,43.811,-79.36,5
3824,43.811,-79.357,3
3825,43.811,-79.323,1
3826,43.811,-79.322,1
3827,43.811,-79.304,1
3828,43.811,-79.29,1
3829,43.811,-79.269,5
3830,43.811,-79.268,1
3831,43.811,-79.258,1
3832,43.811,-79.25,1
3833,43.811,-79.242,1
3834,43.811,-79.235,1
3835,43.811,-79.156,2
3836,43.812,-79.321,1
3837,43.812,-79.301,3
3838,43.812,-79.275,1
3839,43.812,-79.274,1
3840,43.812,-79.243,5
3841,43.812,-79.225,2
3842,43.813,-79.313,2
3843,43.813,-79.27,1
3844,43.813,-79.219,1
3845,43.813,-79.156,1
3846,43.814,-79.345,1
3847,43.814,-79.344,1
3848,43.814,-79.324,1
3849,43.814,-79.292,4
3850,43.814,-79.288,1
3851,43.814,-79.281,1
3852,43.814,-79.27,1
3853,43.814,-79.237,3
3854,43.814,-79.213,2
3855,43.814,-79.156,2
3856,43.815,-79.324,1
3857,43.815,-79.266,1
3858,43.815,-79.232,1
3859,43.815,-79.231,1
3860,43.815,-79.215,1
3861,43.816,-79.336,6
3862,43.816,-79.324,2
3863,43.816,-79.314,2
3864,43.816,-79.304,1
3865,43.816,-79.282,1
3866,43.816,-79.235,1
3867,43.816,-79.227,3
3868,43.816,-79.224,1
3869,43.816,-79.211,3
3870,43.816,-79.21,1
3871,43.817,-79.332,1
3872,43.817,-79.314,1
3873,43.817,-79.293,1
3874,43.817,-79.271,2
3875,43.817,-79.26,1
3876,43.817,-79.244,1
3877,43.817,-79.227,1
3878,43.817,-79.222,1
3879,43.817,-79.213,2
3880,43.818,-79.322,1
3881,43.818,-79.306,1
3882,43.818,-79.294,1
3883,43.818,-79.284,1
3884,43.818,-79.267,1
3885,43.818,-79.215,1
3886,43.818,-79.2,1
3887,43.819,-79.324,4
3888,43.819,-79.323,1
3889,43.819,-79.298,2
3890,43.819,-79.264,1
3891,43.819,-79.245,1
3892,43.819,-79.221,1
3893,43.819,-79.216,1
3894,43.819,-79.202,1
3895,43.82,-79.32,1
3896,43.82,-79.294,3
3897,43.82,-79.262,1
3898,43.82,-79.246,1
3899,43.821,-79.316,8
3900,43.821,-79.314,1
3901,43.821,-79.298,1
3902,43.822,-79.312,4
3903,43.822,-79.306,1
3904,43.822,-79.275,1
3905,43.822,-79.273,1
3906,43.822,-79.272,1
3907,43.822,-79.22,1
3908,43.823,-79.307,3
3909,43.823,-79.263,1
3910,43.823,-79.247,3
3911,43.824,-79.305,1
3912,43.824,-79.303,1
3913,43.824,-79.296,1
3914,43.824,-79.286,1
3915,43.824,-79.26,1
3916,43.824,-79.248,1
3917,43.824,-79.246,1
3918,43.824,-79.193,1
3919,43.824,-79.19,1
3920,43.825,-79.3,3
3921,43.825,-79.299,1
3922,43.825,-79.297,4
3923,43.825,-79.275,2
3924,43.825,-79.248,1
3925,43.825,-79.199,1
3926,43.826,-79.275,1
3927,43.826,-79.239,1
3928,43.826,-79.238,1
3929,43.827,-79.291,3
3930,43.827,-79.265,2
3931,43.827,-79.262,1
3932,43.828,-79.287,1
3933,43.828,-79.28,1
3934,43.828,-79.19,1
3935,43.829,-79.28,2
3936,43.829,-79.276,1
3937,43.829,-79.274,1
3938,43.829,-79.253,1
3939,43.83,-79.275,2
3940,43.83,-79.223,1
3941,43.831,-79.275,3
3942,43.831,-79.25,1
3943,43.831,-79.245,2
3944,43.831,-79.159,1
3945,43.832,-79.267,1
3946,43.833,-79.251,1
3947,43.834,-79.261,1
3948,43.834,-79.229,1
3949,43.835,-79.257,1
3950,43.835,-79.182,1
3951,43.836,-79.251,8
3952,43.836,-79.231,1
3953,43.837,-79.249,1
3954,43.837,-79.248,1
3955,43.837,-79.245,1
3956,43.839,-79.237,1
3957,43.84,-79.234,1
3958,43.841,-79.23,1
3959,43.842,-79.226,1
3960,43.842,-79.225,1
3961,43.842,-79.224,1
3962,43.845,-79.211,1
3963,43.846,-79.209,1
3964,43.848,-79.199,1
3965,43.848,-79.197,1
3966,43.85,-79.191,1
3967,43.85,-79.188,1
3968,43.853,-79.179,2
3969,43.854,-79.175,1
3970,43.854,-79.169,1
3971,43.855,-79.171,1
3972,43.855,-79.17,1
