,Latitude,Longitude,IncidentsTotal,SeverityScore,LATITUDE,LONGITUDE,COUNT
0,43.59,-79.54,47,0.04775,43.59,-79.54,4
1,43.59,-79.53,8,0.022,43.59,-79.53,11
2,43.59,-79.51,6,0.028,43.59,-79.51,6
3,43.6,-79.55,1419,0.029125,43.6,-79.55,2
4,43.6,-79.54,24,0.018000000000000002,43.6,-79.54,10
5,43.6,-79.53,3,0.027,43.6,-79.53,3
6,43.6,-79.51,10,0.156,43.6,-79.51,9
7,43.6,-79.5,109,0.1125,43.6,-79.5,11
8,43.61,-79.56,35,0.0388,43.61,-79.56,5
9,43.61,-79.55,1986,0.01819047619047619,43.61,-79.55,11
10,43.61,-79.54,860,0.015588235294117648,43.61,-79.54,4
11,43.61,-79.53,2160,0.03215384615384616,43.61,-79.53,9
12,43.61,-79.52,407,0.008615384615384615,43.61,-79.52,13
13,43.61,-79.51,24,0.006,43.61,-79.51,6
14,43.61,-79.5,17,0.015666666666666666,43.61,-79.5,2
15,43.61,-79.48,3,0.006,43.61,-79.48,5
16,43.62,-79.56,9,0.0045000000000000005,43.62,-79.56,3
17,43.62,-79.55,1207,0.012625000000000003,43.62,-79.55,6
18,43.62,-79.53,3,0.014,43.62,-79.53,2
19,43.62,-79.52,238,0.021625,43.62,-79.52,12
20,43.62,-79.51,205,0.007500000000000002,43.62,-79.51,12
21,43.62,-79.5,10,0.004,43.62,-79.5,15
22,43.62,-79.49,65,0.002625,43.62,-79.49,8
23,43.62,-79.48,1875,0.020687500000000004,43.62,-79.48,10
24,43.62,-79.47,16,0.004,43.62,-79.47,5
25,43.63,-79.56,82,0.0028000000000000004,43.63,-79.56,7
26,43.63,-79.55,645,0.017461538461538466,43.63,-79.55,7
27,43.63,-79.54,80,0.028875000000000005,43.63,-79.54,6
28,43.63,-79.53,10,0.0115,43.63,-79.53,5
29,43.63,-79.52,39,0.0405,43.63,-79.52,3
30,43.63,-79.51,3,0.006,43.63,-79.51,2
31,43.63,-79.48,3,0.005,43.63,-79.48,5
32,43.63,-79.47,505,0.009333333333333332,43.63,-79.47,17
33,43.63,-79.46,152,0.009571428571428573,43.63,-79.46,7
34,43.63,-79.45,251,0.008625,43.63,-79.45,9
35,43.63,-79.44,125,0.0036250000000000006,43.63,-79.44,19
36,43.63,-79.43,293,0.01153846153846154,43.63,-79.43,37
37,43.63,-79.42,161,0.006153846153846155,43.63,-79.42,18
38,43.63,-79.41,103,0.0035714285714285718,43.63,-79.41,9
39,43.63,-79.4,244,0.009714285714285717,43.63,-79.4,14
40,43.63,-79.39,297,0.008300000000000002,43.63,-79.39,19
41,43.63,-79.38,109,0.011333333333333334,43.63,-79.38,18
42,43.64,-79.57,19,0.01925,43.64,-79.57,7
43,43.64,-79.56,208,0.004785714285714287,43.64,-79.56,10
44,43.64,-79.54,6,0.0205,43.64,-79.54,2
45,43.64,-79.53,33,0.0144,43.64,-79.53,6
46,43.64,-79.52,77,0.02716666666666667,43.64,-79.52,15
47,43.64,-79.51,7,0.006500000000000001,43.64,-79.51,6
48,43.64,-79.5,5,0.01,43.64,-79.5,4
49,43.64,-79.49,3,0.005,43.64,-79.49,4
50,43.64,-79.48,10,0.006500000000000001,43.64,-79.48,7
51,43.64,-79.47,5,0.011,43.64,-79.47,2
52,43.64,-79.45,83,0.029,43.64,-79.45,10
53,43.64,-79.43,13,0.005333333333333333,43.64,-79.43,28
54,43.64,-79.42,56,0.0186,43.64,-79.42,31
55,43.64,-79.41,6,0.0055,43.64,-79.41,22
56,43.64,-79.4,98,0.011090909090909094,43.64,-79.4,46
57,43.64,-79.39,317,0.012526315789473687,43.64,-79.39,50
58,43.64,-79.38,1042,0.014000000000000007,43.64,-79.38,61
59,43.64,-79.37,1028,0.02542307692307693,43.64,-79.37,61
60,43.64,-79.36,789,0.018285714285714287,43.64,-79.36,19
61,43.64,-79.35,518,0.0147,43.64,-79.35,10
62,43.64,-79.34,24,0.0155,43.64,-79.34,5
63,43.65,-79.56,148,0.002333333333333334,43.65,-79.56,8
64,43.65,-79.52,26,0.019500000000000003,43.65,-79.52,6
65,43.65,-79.51,7,0.0175,43.65,-79.51,7
66,43.65,-79.48,59,0.02666666666666667,43.65,-79.48,9
67,43.65,-79.47,6,0.0055,43.65,-79.47,13
68,43.65,-79.46,8,0.0085,43.65,-79.46,6
69,43.65,-79.45,99,0.017875,43.65,-79.45,26
70,43.65,-79.44,28,0.010333333333333333,43.65,-79.44,24
71,43.65,-79.43,10,0.007666666666666666,43.65,-79.43,35
72,43.65,-79.42,5,0.007,43.65,-79.42,22
73,43.65,-79.4,41,0.00975,43.65,-79.4,49
74,43.65,-79.39,31,0.012,43.65,-79.39,54
75,43.65,-79.38,441,0.012689655172413796,43.65,-79.38,84
76,43.65,-79.37,241,0.010583333333333335,43.65,-79.37,76
77,43.65,-79.36,105,0.009642857142857144,43.65,-79.36,49
78,43.65,-79.35,273,0.010916666666666667,43.65,-79.35,20
79,43.65,-79.34,867,0.022200000000000004,43.65,-79.34,33
80,43.65,-79.33,430,0.02811111111111111,43.65,-79.33,13
81,43.65,-79.32,184,0.0816,43.65,-79.32,2
82,43.66,-79.59,73,0.004,43.66,-79.59,3
83,43.66,-79.58,3,0.001,43.66,-79.58,8
84,43.66,-79.57,157,0.0022222222222222227,43.66,-79.57,3
85,43.66,-79.51,167,0.153,43.66,-79.51,6
86,43.66,-79.5,169,0.045,43.66,-79.5,1
87,43.66,-79.49,113,0.023666666666666666,43.66,-79.49,17
88,43.66,-79.48,22,0.01725,43.66,-79.48,12
89,43.66,-79.47,3,0.009,43.66,-79.47,5
90,43.66,-79.46,77,0.014333333333333333,43.66,-79.46,21
91,43.66,-79.45,16,0.006749999999999999,43.66,-79.45,13
92,43.66,-79.44,36,0.01,43.66,-79.44,17
93,43.66,-79.43,56,0.009333333333333332,43.66,-79.43,24
94,43.66,-79.42,7,0.0095,43.66,-79.42,16
95,43.66,-79.41,20,0.00775,43.66,-79.41,26
96,43.66,-79.4,37,0.0205,43.66,-79.4,29
97,43.66,-79.39,50,0.010399999999999998,43.66,-79.39,16
98,43.66,-79.38,135,0.020812500000000005,43.66,-79.38,38
99,43.66,-79.37,89,0.0193,43.66,-79.37,43
100,43.66,-79.36,16,0.018000000000000002,43.66,-79.36,23
101,43.66,-79.35,56,0.005750000000000001,43.66,-79.35,32
102,43.66,-79.34,15,0.007333333333333334,43.66,-79.34,20
103,43.66,-79.33,6,0.0045000000000000005,43.66,-79.33,20
104,43.66,-79.32,10,0.0075,43.66,-79.32,9
105,43.66,-79.31,46,0.021400000000000002,43.66,-79.31,16
106,43.66,-79.3,17,0.01,43.66,-79.3,8
107,43.67,-79.59,80,0.006000000000000001,43.67,-79.59,5
108,43.67,-79.57,191,0.0034666666666666674,43.67,-79.57,1
109,43.67,-79.56,61,0.0108,43.67,-79.56,10
110,43.67,-79.55,37,0.011000000000000001,43.67,-79.55,10
111,43.67,-79.54,3,0.003,43.67,-79.54,2
112,43.67,-79.49,88,0.02457142857142857,43.67,-79.49,16
113,43.67,-79.47,65,0.016857142857142855,43.67,-79.47,13
114,43.67,-79.46,83,0.012857142857142857,43.67,-79.46,24
115,43.67,-79.45,26,0.044500000000000005,43.67,-79.45,21
116,43.67,-79.44,119,0.025222222222222222,43.67,-79.44,28
117,43.67,-79.43,21,0.00725,43.67,-79.43,17
118,43.67,-79.42,18,0.0124,43.67,-79.42,21
119,43.67,-79.41,53,0.009142857142857144,43.67,-79.41,18
120,43.67,-79.4,21,0.0076,43.67,-79.4,18
121,43.67,-79.39,90,0.013800000000000002,43.67,-79.39,28
122,43.67,-79.38,113,0.010714285714285716,43.67,-79.38,29
123,43.67,-79.37,66,0.00825,43.67,-79.37,13
124,43.67,-79.36,121,0.008625,43.67,-79.36,21
125,43.67,-79.35,46,0.007333333333333334,43.67,-79.35,20
126,43.67,-79.34,26,0.014599999999999998,43.67,-79.34,21
127,43.67,-79.32,3,0.009,43.67,-79.32,13
128,43.67,-79.31,15,0.013,43.67,-79.31,6
129,43.67,-79.3,25,0.015000000000000001,43.67,-79.3,12
130,43.67,-79.29,6,0.006,43.67,-79.29,6
131,43.68,-79.59,35,0.004,43.68,-79.59,10
132,43.68,-79.58,30,0.0195,43.68,-79.58,7
133,43.68,-79.55,5,0.008,43.68,-79.55,5
134,43.68,-79.54,9,0.01,43.68,-79.54,10
135,43.68,-79.53,22,0.010499999999999999,43.68,-79.53,3
136,43.68,-79.52,6,0.005,43.68,-79.52,9
137,43.68,-79.51,32,0.012000000000000002,43.68,-79.51,13
138,43.68,-79.5,37,0.0465,43.68,-79.5,4
139,43.68,-79.49,79,0.02125,43.68,-79.49,15
140,43.68,-79.48,131,0.027555555555555555,43.68,-79.48,20
141,43.68,-79.47,45,0.0106,43.68,-79.47,29
142,43.68,-79.46,3,0.005,43.68,-79.46,18
143,43.68,-79.44,176,0.06820000000000001,43.68,-79.44,20
144,43.68,-79.42,31,0.013666666666666666,43.68,-79.42,15
145,43.68,-79.41,54,0.011333333333333334,43.68,-79.41,13
146,43.68,-79.4,41,0.013500000000000002,43.68,-79.4,7
147,43.68,-79.39,66,0.011899999999999999,43.68,-79.39,18
148,43.68,-79.36,205,0.005636363636363636,43.68,-79.36,14
149,43.68,-79.35,4,0.009,43.68,-79.35,10
150,43.68,-79.34,7,0.025,43.68,-79.34,14
151,43.68,-79.33,3,0.004,43.68,-79.33,12
152,43.68,-79.31,32,0.01025,43.68,-79.31,20
153,43.68,-79.3,53,0.02325,43.68,-79.3,19
154,43.68,-79.29,22,0.098,43.68,-79.29,7
155,43.68,-79.28,9,0.008333333333333333,43.68,-79.28,13
156,43.68,-79.27,9,0.0075,43.68,-79.27,8
157,43.69,-79.59,79,0.010750000000000001,43.69,-79.59,1
158,43.69,-79.58,27,0.005750000000000001,43.69,-79.58,4
159,43.69,-79.57,424,0.021500000000000005,43.69,-79.57,15
160,43.69,-79.56,1241,0.007533333333333334,43.69,-79.56,3
161,43.69,-79.55,14,0.013,43.69,-79.55,9
162,43.69,-79.54,115,0.029200000000000004,43.69,-79.54,12
163,43.69,-79.53,3,0.006,43.69,-79.53,7
164,43.69,-79.52,4,0.009,43.69,-79.52,5
165,43.69,-79.51,68,0.196,43.69,-79.51,7
166,43.69,-79.5,41,0.022000000000000002,43.69,-79.5,13
167,43.69,-79.48,32,0.006200000000000001,43.69,-79.48,11
168,43.69,-79.47,102,0.015384615384615385,43.69,-79.47,14
169,43.69,-79.46,107,0.027000000000000003,43.69,-79.46,16
170,43.69,-79.45,33,0.010666666666666666,43.69,-79.45,13
171,43.69,-79.44,141,0.03271428571428571,43.69,-79.44,24
172,43.69,-79.43,145,0.017,43.69,-79.43,11
173,43.69,-79.42,14,0.0155,43.69,-79.42,10
174,43.69,-79.4,66,0.020666666666666667,43.69,-79.4,9
175,43.69,-79.39,9,0.010666666666666666,43.69,-79.39,13
176,43.69,-79.38,7,0.0055,43.69,-79.38,9
177,43.69,-79.37,9,0.008,43.69,-79.37,5
178,43.69,-79.36,3,0.001,43.69,-79.36,3
179,43.69,-79.35,77,0.00725,43.69,-79.35,9
180,43.69,-79.34,115,0.006899999999999999,43.69,-79.34,13
181,43.69,-79.33,69,0.015250000000000001,43.69,-79.33,6
182,43.69,-79.32,57,0.018666666666666668,43.69,-79.32,12
183,43.69,-79.31,3,0.004,43.69,-79.31,11
184,43.69,-79.29,11,0.011333333333333334,43.69,-79.29,10
185,43.69,-79.28,32,0.054333333333333324,43.69,-79.28,13
186,43.69,-79.27,82,0.07033333333333333,43.69,-79.27,7
187,43.69,-79.26,28,0.073,43.69,-79.26,6
188,43.7,-79.59,149,0.0675,43.7,-79.59,2
189,43.7,-79.58,25,0.0685,43.7,-79.58,1
190,43.7,-79.57,638,0.1355,43.7,-79.57,7
191,43.7,-79.56,486,0.022307692307692306,43.7,-79.56,8
192,43.7,-79.55,1799,0.008526315789473686,43.7,-79.55,5
193,43.7,-79.54,125,0.1215,43.7,-79.54,1
194,43.7,-79.53,74,0.032,43.7,-79.53,6
195,43.7,-79.52,7,0.018000000000000002,43.7,-79.52,5
196,43.7,-79.51,24,0.025,43.7,-79.51,11
197,43.7,-79.5,85,0.02528571428571429,43.7,-79.5,19
198,43.7,-79.49,113,0.015857142857142858,43.7,-79.49,11
199,43.7,-79.48,50,0.016000000000000004,43.7,-79.48,6
200,43.7,-79.47,134,0.0415,43.7,-79.47,12
201,43.7,-79.46,9,0.02033333333333333,43.7,-79.46,2
202,43.7,-79.45,192,0.03557142857142857,43.7,-79.45,10
203,43.7,-79.44,7,0.028,43.7,-79.44,6
204,43.7,-79.43,22,0.0078,43.7,-79.43,6
205,43.7,-79.42,89,0.024000000000000004,43.7,-79.42,23
206,43.7,-79.41,130,0.03942857142857143,43.7,-79.41,11
207,43.7,-79.4,68,0.012666666666666666,43.7,-79.4,14
208,43.7,-79.39,94,0.014461538461538461,43.7,-79.39,20
209,43.7,-79.38,16,0.0085,43.7,-79.38,9
210,43.7,-79.37,11,0.008666666666666666,43.7,-79.37,7
211,43.7,-79.36,33,0.021400000000000002,43.7,-79.36,7
212,43.7,-79.35,53,0.1304,43.7,-79.35,5
213,43.7,-79.34,9,0.005666666666666667,43.7,-79.34,8
214,43.7,-79.33,64,0.0032857142857142855,43.7,-79.33,12
215,43.7,-79.31,25,0.0064,43.7,-79.31,6
216,43.7,-79.29,53,0.043000000000000003,43.7,-79.29,10
217,43.7,-79.26,13,0.014,43.7,-79.26,8
218,43.71,-79.6,164,0.0345,43.71,-79.6,7
219,43.71,-79.59,25,0.008799999999999999,43.71,-79.59,7
220,43.71,-79.58,231,0.19809999999999994,43.71,-79.58,7
221,43.71,-79.57,44,0.030666666666666672,43.71,-79.57,2
222,43.71,-79.56,133,0.010000000000000002,43.71,-79.56,6
223,43.71,-79.55,1118,0.033600000000000005,43.71,-79.55,11
224,43.71,-79.54,1078,0.024499999999999997,43.71,-79.54,1
225,43.71,-79.53,6029,0.021428571428571436,43.71,-79.53,13
226,43.71,-79.52,2611,0.02205555555555556,43.71,-79.52,5
227,43.71,-79.51,480,0.0047692307692307695,43.71,-79.51,5
228,43.71,-79.5,677,0.008000000000000002,43.71,-79.5,10
229,43.71,-79.48,36,0.031,43.71,-79.48,1
230,43.71,-79.47,35,0.009000000000000001,43.71,-79.47,5
231,43.71,-79.46,166,0.0376,43.71,-79.46,3
232,43.71,-79.45,66,0.009750000000000002,43.71,-79.45,7
233,43.71,-79.44,159,0.018333333333333337,43.71,-79.44,17
234,43.71,-79.43,288,0.027800000000000002,43.71,-79.43,8
235,43.71,-79.42,10,0.011,43.71,-79.42,13
236,43.71,-79.41,26,0.00875,43.71,-79.41,10
237,43.71,-79.4,20,0.0155,43.71,-79.4,4
238,43.71,-79.39,9,0.011666666666666667,43.71,-79.39,12
239,43.71,-79.37,132,0.021454545454545455,43.71,-79.37,10
240,43.71,-79.36,68,0.03216666666666667,43.71,-79.36,9
241,43.71,-79.35,146,0.0388,43.71,-79.35,9
242,43.71,-79.33,78,0.024666666666666667,43.71,-79.33,13
243,43.71,-79.32,9,0.0015,43.71,-79.32,7
244,43.71,-79.3,21,0.034999999999999996,43.71,-79.3,13
245,43.71,-79.29,35,0.02033333333333333,43.71,-79.29,9
246,43.71,-79.28,7,0.015,43.71,-79.28,15
247,43.71,-79.27,60,0.041,43.71,-79.27,4
248,43.71,-79.26,21,0.0105,43.71,-79.26,11
249,43.71,-79.25,12,0.016333333333333335,43.71,-79.25,9
250,43.71,-79.24,9,0.007333333333333333,43.71,-79.24,8
251,43.72,-79.62,3,0.001,43.72,-79.62,1
252,43.72,-79.61,3,0.005,43.72,-79.61,4
253,43.72,-79.6,30,0.018666666666666668,43.72,-79.6,2
254,43.72,-79.59,6,0.016,43.72,-79.59,4
255,43.72,-79.56,3,0.006,43.72,-79.56,3
256,43.72,-79.55,25,0.012999999999999998,43.72,-79.55,7
257,43.72,-79.54,4,0.007,43.72,-79.54,2
258,43.72,-79.53,401,0.046571428571428576,43.72,-79.53,2
259,43.72,-79.52,548,0.007000000000000001,43.72,-79.52,1
260,43.72,-79.51,8,0.0085,43.72,-79.51,3
261,43.72,-79.5,171,0.057333333333333326,43.72,-79.5,11
262,43.72,-79.49,3048,0.026333333333333334,43.72,-79.49,11
263,43.72,-79.48,708,0.009777777777777781,43.72,-79.48,13
264,43.72,-79.47,402,0.0035555555555555557,43.72,-79.47,5
265,43.72,-79.46,213,0.0034999999999999996,43.72,-79.46,1
266,43.72,-79.45,1052,0.012333333333333333,43.72,-79.45,10
267,43.72,-79.44,183,0.021333333333333333,43.72,-79.44,2
268,43.72,-79.43,68,0.029999999999999995,43.72,-79.43,11
269,43.72,-79.42,16,0.021500000000000002,43.72,-79.42,3
270,43.72,-79.41,68,0.015600000000000003,43.72,-79.41,17
271,43.72,-79.4,37,0.0126,43.72,-79.4,8
272,43.72,-79.39,7,0.008,43.72,-79.39,4
273,43.72,-79.38,117,0.04800000000000001,43.72,-79.38,1
274,43.72,-79.35,3,0.005,43.72,-79.35,1
275,43.72,-79.34,90,0.055,43.72,-79.34,6
276,43.72,-79.33,143,0.0091,43.72,-79.33,15
277,43.72,-79.32,431,0.054,43.72,-79.32,5
278,43.72,-79.31,141,0.019999999999999997,43.72,-79.31,8
279,43.72,-79.3,165,0.02555555555555556,43.72,-79.3,26
280,43.72,-79.29,128,0.07130000000000002,43.72,-79.29,12
281,43.72,-79.28,198,0.03783333333333334,43.72,-79.28,9
282,43.72,-79.27,4,0.01,43.72,-79.27,4
283,43.72,-79.26,62,0.223,43.72,-79.26,11
284,43.72,-79.25,37,0.02375,43.72,-79.25,8
285,43.72,-79.24,8,0.028,43.72,-79.24,8
286,43.72,-79.23,20,0.011250000000000001,43.72,-79.23,6
287,43.73,-79.62,153,0.014,43.73,-79.62,1
288,43.73,-79.61,84,0.024499999999999997,43.73,-79.61,6
289,43.73,-79.6,123,0.020714285714285716,43.73,-79.6,21
290,43.73,-79.59,16,0.013,43.73,-79.59,10
291,43.73,-79.56,42,0.025833333333333337,43.73,-79.56,12
292,43.73,-79.53,222,0.02153333333333334,43.73,-79.53,7
293,43.73,-79.52,297,0.01823076923076923,43.73,-79.52,2
294,43.73,-79.51,19,0.029333333333333333,43.73,-79.51,11
295,43.73,-79.48,165,0.04175,43.73,-79.48,7
296,43.73,-79.45,236,0.00876923076923077,43.73,-79.45,8
297,43.73,-79.44,468,0.0037272727272727275,43.73,-79.44,9
298,43.73,-79.43,2982,0.020529411764705886,43.73,-79.43,10
299,43.73,-79.42,104,0.0155,43.73,-79.42,6
300,43.73,-79.41,9,0.008,43.73,-79.41,3
301,43.73,-79.4,53,0.013833333333333335,43.73,-79.4,4
302,43.73,-79.38,6,0.006,43.73,-79.38,4
303,43.73,-79.35,8,0.0095,43.73,-79.35,7
304,43.73,-79.34,110,0.022833333333333334,43.73,-79.34,11
305,43.73,-79.33,316,0.018555555555555558,43.73,-79.33,2
306,43.73,-79.3,207,0.0874,43.73,-79.3,7
307,43.73,-79.29,119,0.076,43.73,-79.29,4
308,43.73,-79.28,20,0.014,43.73,-79.28,3
309,43.73,-79.27,75,0.04975,43.73,-79.27,9
310,43.73,-79.26,50,0.030800000000000004,43.73,-79.26,13
311,43.73,-79.25,33,0.061,43.73,-79.25,25
312,43.73,-79.24,49,0.0254,43.73,-79.24,21
313,43.73,-79.22,24,0.049,43.73,-79.22,4
314,43.73,-79.21,11,0.0055,43.73,-79.21,4
315,43.74,-79.63,81,0.0075,43.74,-79.63,3
316,43.74,-79.62,105,0.11283333333333333,43.74,-79.62,2
317,43.74,-79.61,3,0.006,43.74,-79.61,6
318,43.74,-79.6,52,0.02,43.74,-79.6,8
319,43.74,-79.59,20,0.028999999999999998,43.74,-79.59,12
320,43.74,-79.58,37,0.016666666666666666,43.74,-79.58,23
321,43.74,-79.56,84,0.020888888888888887,43.74,-79.56,14
322,43.74,-79.55,7,0.0075,43.74,-79.55,6
323,43.74,-79.54,243,0.08016666666666666,43.74,-79.54,1
324,43.74,-79.51,46,0.039,43.74,-79.51,9
325,43.74,-79.5,10,0.047,43.74,-79.5,6
326,43.74,-79.48,249,0.03799999999999999,43.74,-79.48,13
327,43.74,-79.46,39,0.029,43.74,-79.46,3
328,43.74,-79.45,37,0.009500000000000001,43.74,-79.45,4
329,43.74,-79.43,6,0.018500000000000003,43.74,-79.43,2
330,43.74,-79.41,800,0.007454545454545455,43.74,-79.41,1
331,43.74,-79.4,40,0.012199999999999999,43.74,-79.4,14
332,43.74,-79.38,22,0.01,43.74,-79.38,2
333,43.74,-79.34,3,0.015,43.74,-79.34,3
334,43.74,-79.33,269,0.007777777777777778,43.74,-79.33,7
335,43.74,-79.32,63,0.014285714285714287,43.74,-79.32,4
336,43.74,-79.31,60,0.0102,43.74,-79.31,11
337,43.74,-79.3,105,0.012555555555555558,43.74,-79.3,16
338,43.74,-79.29,128,0.018833333333333337,43.74,-79.29,14
339,43.74,-79.28,33,0.009833333333333335,43.74,-79.28,7
340,43.74,-79.27,31,0.055749999999999994,43.74,-79.27,10
341,43.74,-79.25,12,0.018666666666666665,43.74,-79.25,4
342,43.74,-79.24,3,0.005,43.74,-79.24,10
343,43.74,-79.23,3,0.009,43.74,-79.23,8
344,43.74,-79.21,9,0.007333333333333334,43.74,-79.21,13
345,43.75,-79.63,200,0.030166666666666665,43.75,-79.63,3
346,43.75,-79.62,6,0.0135,43.75,-79.62,2
347,43.75,-79.61,205,0.05050000000000001,43.75,-79.61,8
348,43.75,-79.6,37,0.0305,43.75,-79.6,6
349,43.75,-79.57,19,0.048,43.75,-79.57,2
350,43.75,-79.56,13,0.125,43.75,-79.56,5
351,43.75,-79.55,4,0.008,43.75,-79.55,5
352,43.75,-79.54,306,0.040625,43.75,-79.54,16
353,43.75,-79.53,468,0.018833333333333334,43.75,-79.53,8
354,43.75,-79.52,183,0.0131,43.75,-79.52,10
355,43.75,-79.51,95,0.023285714285714288,43.75,-79.51,20
356,43.75,-79.5,7,0.0275,43.75,-79.5,5
357,43.75,-79.48,91,0.0235,43.75,-79.48,8
358,43.75,-79.46,135,0.012428571428571428,43.75,-79.46,8
359,43.75,-79.45,12,0.025,43.75,-79.45,12
360,43.75,-79.44,30,0.039,43.75,-79.44,7
361,43.75,-79.43,17,0.0105,43.75,-79.43,17
362,43.75,-79.42,5,0.008,43.75,-79.42,5
363,43.75,-79.41,640,0.013500000000000002,43.75,-79.41,6
364,43.75,-79.4,536,0.0038333333333333344,43.75,-79.4,7
365,43.75,-79.38,26,0.0235,43.75,-79.38,2
366,43.75,-79.36,55,0.023250000000000003,43.75,-79.36,2
367,43.75,-79.35,6,0.005,43.75,-79.35,6
368,43.75,-79.34,26,0.017333333333333333,43.75,-79.34,7
369,43.75,-79.33,198,0.007090909090909091,43.75,-79.33,2
370,43.75,-79.31,129,0.03442857142857143,43.75,-79.31,18
371,43.75,-79.3,12,0.0115,43.75,-79.3,8
372,43.75,-79.29,81,0.07625000000000001,43.75,-79.29,5
373,43.75,-79.28,3,0.004,43.75,-79.28,3
374,43.75,-79.27,77,0.010142857142857144,43.75,-79.27,2
375,43.75,-79.26,71,0.023428571428571434,43.75,-79.26,11
376,43.75,-79.25,18,0.04766666666666667,43.75,-79.25,9
377,43.75,-79.24,58,0.020499999999999997,43.75,-79.24,17
378,43.75,-79.23,3,0.049,43.75,-79.23,6
379,43.75,-79.21,6,0.053,43.75,-79.21,3
380,43.75,-79.19,39,0.029,43.75,-79.19,4
381,43.76,-79.59,18,0.0115,43.76,-79.59,1
382,43.76,-79.57,23,0.013666666666666667,43.76,-79.57,8
383,43.76,-79.56,57,0.017166666666666667,43.76,-79.56,2
384,43.76,-79.55,38,0.03383333333333334,43.76,-79.55,3
385,43.76,-79.54,43,0.016,43.76,-79.54,2
386,43.76,-79.52,83,0.237,43.76,-79.52,6
387,43.76,-79.5,6,0.009000000000000001,43.76,-79.5,4
388,43.76,-79.49,91,0.016999999999999998,43.76,-79.49,18
389,43.76,-79.48,160,0.04744444444444445,43.76,-79.48,5
390,43.76,-79.47,35,0.018000000000000002,43.76,-79.47,2
391,43.76,-79.46,335,0.03955555555555555,43.76,-79.46,14
392,43.76,-79.44,20,0.049499999999999995,43.76,-79.44,3
393,43.76,-79.41,112,0.014444444444444447,43.76,-79.41,20
394,43.76,-79.4,59,0.05333333333333334,43.76,-79.4,6
395,43.76,-79.39,173,0.008499999999999999,43.76,-79.39,1
396,43.76,-79.38,1378,0.009055555555555558,43.76,-79.38,15
397,43.76,-79.37,984,0.009454545454545453,43.76,-79.37,2
398,43.76,-79.36,5720,0.02707142857142858,43.76,-79.36,6
399,43.76,-79.35,356,0.0042,43.76,-79.35,2
400,43.76,-79.34,278,0.004642857142857143,43.76,-79.34,7
401,43.76,-79.33,940,0.014550000000000002,43.76,-79.33,1
402,43.76,-79.32,185,0.004461538461538463,43.76,-79.32,5
403,43.76,-79.31,264,0.005153846153846154,43.76,-79.31,8
404,43.76,-79.3,182,0.009999999999999998,43.76,-79.3,10
405,43.76,-79.29,22,0.0115,43.76,-79.29,6
406,43.76,-79.28,163,0.014444444444444446,43.76,-79.28,20
407,43.76,-79.27,138,0.055,43.76,-79.27,8
408,43.76,-79.26,3,0.007,43.76,-79.26,1
409,43.76,-79.24,3,0.004,43.76,-79.24,2
410,43.76,-79.22,6,0.0045000000000000005,43.76,-79.22,8
411,43.76,-79.19,21,0.010666666666666666,43.76,-79.19,8
412,43.76,-79.18,28,0.01,43.76,-79.18,21
413,43.76,-79.17,9,0.0415,43.76,-79.17,3
414,43.77,-79.54,51,0.013999999999999999,43.77,-79.54,4
415,43.77,-79.53,126,0.0166,43.77,-79.53,3
416,43.77,-79.52,35,0.015857142857142858,43.77,-79.52,11
417,43.77,-79.51,4,0.005,43.77,-79.51,2
418,43.77,-79.5,6,0.005,43.77,-79.5,4
419,43.77,-79.49,812,0.11933333333333335,43.77,-79.49,1
420,43.77,-79.46,316,0.052714285714285714,43.77,-79.46,5
421,43.77,-79.44,36,0.0154,43.77,-79.44,11
422,43.77,-79.43,97,0.11466666666666668,43.77,-79.43,5
423,43.77,-79.42,45,0.03275,43.77,-79.42,6
424,43.77,-79.41,12,0.008,43.77,-79.41,19
425,43.77,-79.39,3,0.005,43.77,-79.39,2
426,43.77,-79.38,7,0.0055,43.77,-79.38,4
427,43.77,-79.37,4,0.007,43.77,-79.37,5
428,43.77,-79.36,19,0.01575,43.77,-79.36,3
429,43.77,-79.35,16,0.0215,43.77,-79.35,5
430,43.77,-79.34,275,0.014600000000000002,43.77,-79.34,19
431,43.77,-79.33,66,0.008625,43.77,-79.33,7
432,43.77,-79.32,136,0.036500000000000005,43.77,-79.32,11
433,43.77,-79.3,156,0.007416666666666669,43.77,-79.3,13
434,43.77,-79.29,384,0.0038000000000000004,43.77,-79.29,5
435,43.77,-79.28,1259,0.017117647058823533,43.77,-79.28,11
436,43.77,-79.27,348,0.009941176470588236,43.77,-79.27,6
437,43.77,-79.26,101,0.010555555555555558,43.77,-79.26,12
438,43.77,-79.25,235,0.032,43.77,-79.25,21
439,43.77,-79.23,52,0.019799999999999998,43.77,-79.23,18
440,43.77,-79.22,3,0.007,43.77,-79.22,7
441,43.77,-79.21,3,0.012,43.77,-79.21,6
442,43.77,-79.18,30,0.008,43.77,-79.18,10
443,43.77,-79.17,6,0.021,43.77,-79.17,9
444,43.77,-79.16,3,0.031,43.77,-79.16,3
445,43.78,-79.49,209,0.025000000000000005,43.78,-79.49,12
446,43.78,-79.48,125,0.02266666666666667,43.78,-79.48,5
447,43.78,-79.47,99,0.029333333333333333,43.78,-79.47,7
448,43.78,-79.46,34,0.0275,43.78,-79.46,3
449,43.78,-79.44,23,0.037000000000000005,43.78,-79.44,12
450,43.78,-79.41,70,0.015428571428571427,43.78,-79.41,23
451,43.78,-79.4,8,0.016,43.78,-79.4,15
452,43.78,-79.39,9,0.007,43.78,-79.39,7
453,43.78,-79.37,8,0.027,43.78,-79.37,2
454,43.78,-79.36,9,0.048,43.78,-79.36,4
455,43.78,-79.34,401,0.013222222222222222,43.78,-79.34,3
456,43.78,-79.31,3,0.005,43.78,-79.31,7
457,43.78,-79.29,33,0.03266666666666666,43.78,-79.29,12
458,43.78,-79.28,54,0.011199999999999998,43.78,-79.28,15
459,43.78,-79.27,16,0.009666666666666667,43.78,-79.27,7
460,43.78,-79.26,118,0.00275,43.78,-79.26,8
461,43.78,-79.25,272,0.005588235294117647,43.78,-79.25,13
462,43.78,-79.24,219,0.010090909090909093,43.78,-79.24,4
463,43.78,-79.23,309,0.007500000000000001,43.78,-79.23,12
464,43.78,-79.22,44,0.0025,43.78,-79.22,1
465,43.78,-79.2,3,0.004,43.78,-79.2,6
466,43.78,-79.19,98,0.04975,43.78,-79.19,1
467,43.78,-79.18,5,0.013,43.78,-79.18,3
468,43.78,-79.16,3,0.02,43.78,-79.16,7
469,43.79,-79.45,8,0.016,43.79,-79.45,4
470,43.79,-79.44,44,0.019666666666666666,43.79,-79.44,9
471,43.79,-79.42,76,0.02925,43.79,-79.42,18
472,43.79,-79.41,3,0.014,43.79,-79.41,15
473,43.79,-79.39,9,0.011333333333333334,43.79,-79.39,4
474,43.79,-79.36,41,0.03233333333333333,43.79,-79.36,6
475,43.79,-79.35,34,0.022800000000000004,43.79,-79.35,23
476,43.79,-79.34,127,0.009000000000000001,43.79,-79.34,2
477,43.79,-79.33,20,0.0085,43.79,-79.33,11
478,43.79,-79.31,19,0.0145,43.79,-79.31,20
479,43.79,-79.3,11,0.009000000000000001,43.79,-79.3,5
480,43.79,-79.29,69,0.051333333333333335,43.79,-79.29,5
481,43.79,-79.28,13,0.0485,43.79,-79.28,3
482,43.79,-79.26,78,0.0198,43.79,-79.26,2
483,43.79,-79.25,98,0.035333333333333335,43.79,-79.25,3
484,43.79,-79.24,35,0.009,43.79,-79.24,5
485,43.79,-79.23,318,0.0125,43.79,-79.23,12
486,43.79,-79.22,21,0.001,43.79,-79.22,5
487,43.79,-79.21,301,0.0128,43.79,-79.21,8
488,43.79,-79.2,20,0.001,43.79,-79.2,5
489,43.79,-79.19,30,0.012750000000000001,43.79,-79.19,5
490,43.79,-79.17,3,0.037,43.79,-79.17,3
491,43.79,-79.15,16,0.0013333333333333333,43.79,-79.15,1
492,43.79,-79.14,54,0.006571428571428573,43.79,-79.14,9
493,43.8,-79.4,94,0.1245,43.8,-79.4,4
494,43.8,-79.39,6,0.007,43.8,-79.39,2
495,43.8,-79.38,7,0.024,43.8,-79.38,5
496,43.8,-79.37,9,0.044,43.8,-79.37,4
497,43.8,-79.33,6,0.018,43.8,-79.33,9
498,43.8,-79.32,5,0.009,43.8,-79.32,6
499,43.8,-79.31,3,0.008,43.8,-79.31,6
500,43.8,-79.3,9,0.047,43.8,-79.3,6
501,43.8,-79.29,388,0.20325000000000001,43.8,-79.29,12
502,43.8,-79.28,3,0.005,43.8,-79.28,13
503,43.8,-79.27,7,0.01,43.8,-79.27,7
504,43.8,-79.26,41,0.03075,43.8,-79.26,14
505,43.8,-79.24,54,0.01725,43.8,-79.24,1
506,43.8,-79.23,10,0.0325,43.8,-79.23,2
507,43.8,-79.21,3,0.004,43.8,-79.21,5
508,43.8,-79.2,18,0.1585,43.8,-79.2,4
509,43.8,-79.19,29,0.016,43.8,-79.19,16
510,43.8,-79.18,27,0.085,43.8,-79.18,2
511,43.8,-79.17,3,0.004,43.8,-79.17,11
512,43.8,-79.16,3,0.005,43.8,-79.16,4
513,43.8,-79.14,6,0.0005,43.8,-79.14,2
514,43.81,-79.36,85,0.0785,43.81,-79.36,5
515,43.81,-79.35,3,0.001,43.81,-79.35,3
516,43.81,-79.34,129,0.0518,43.81,-79.34,2
517,43.81,-79.33,3,0.011,43.81,-79.33,7
518,43.81,-79.3,21,0.026333333333333334,43.81,-79.3,6
519,43.81,-79.27,12,0.176,43.81,-79.27,8
520,43.81,-79.26,3,0.008,43.81,-79.26,10
521,43.81,-79.25,7,0.0405,43.81,-79.25,5
522,43.81,-79.24,78,0.0126,43.81,-79.24,8
523,43.81,-79.23,35,0.019750000000000004,43.81,-79.23,8
524,43.82,-79.3,74,0.1385,43.82,-79.3,9
525,43.82,-79.26,41,0.0536,43.82,-79.26,6
526,43.82,-79.24,51,0.02366666666666667,43.82,-79.24,7
527,43.82,-79.22,6,0.015,43.82,-79.22,1
528,43.83,-79.27,22,0.027,43.83,-79.27,5
529,43.83,-79.25,30,0.016,43.83,-79.25,11
530,43.83,-79.24,6,0.008,43.83,-79.24,5
531,43.85,-79.18,3,0.032,43.85,-79.18,1
