,AvgAcceleration,PercentCar,PercentOfVehicles,PercentOther,IncidentsTotal,LATITUDE,LONGITUDE,COUNT
0,0.4609620253164559,0.0173924050632911,0.0563924050632911,0.1144936708860759,47,43.59,-79.54,4
1,0.4919753086419754,0.0162098765432098,0.0723703703703703,0.0995308641975308,8,43.59,-79.53,11
2,0.5503095238095238,0.0281666666666666,0.0526428571428571,0.078,6,43.59,-79.51,6
3,0.4812285714285714,0.0306857142857142,0.0431857142857142,0.1044714285714285,1419,43.6,-79.55,2
4,0.4636626506024097,0.0098192771084337,0.0456385542168674,0.1094578313253011,24,43.6,-79.54,10
5,0.4756265060240964,0.0085662650602409,0.0799518072289156,0.1290963855421687,3,43.6,-79.53,3
6,0.6140416666666666,0.0069861111111111,0.0406944444444444,0.0852638888888889,10,43.6,-79.51,9
7,0.6219499999999999,0.0127375,0.0716874999999999,0.1081124999999999,109,43.6,-79.5,11
8,0.6302800000000002,0.0254533333333333,0.0593599999999999,0.1975066666666667,35,43.61,-79.56,5
9,0.6040152671755727,0.0256946564885496,0.0484885496183205,0.1459083969465649,1986,43.61,-79.55,11
10,0.6651415094339624,0.0174339622641509,0.0606509433962264,0.1373396226415094,860,43.61,-79.54,4
11,0.563978494623656,0.0122365591397849,0.0576344086021505,0.1233655913978494,2160,43.61,-79.53,9
12,0.5512972972972975,0.0258108108108108,0.0442162162162161,0.1157837837837837,407,43.61,-79.52,13
13,0.5781558441558443,0.0304285714285714,0.0367402597402597,0.100038961038961,24,43.61,-79.51,6
14,0.6134428571428574,0.0216428571428571,0.0480857142857142,0.0749714285714285,17,43.61,-79.5,2
15,0.5504347826086958,0.0194521739130434,0.0726173913043477,0.085,3,43.61,-79.48,5
16,0.5836521739130432,0.0074492753623188,0.0579420289855072,0.3084782608695651,9,43.62,-79.56,3
17,0.6916517857142858,0.0115267857142857,0.0431874999999999,0.2525178571428572,1207,43.62,-79.55,6
18,0.7330128205128205,0.0056923076923076,0.0871794871794871,0.1856923076923076,3,43.62,-79.53,2
19,0.5373088235294119,0.0117647058823529,0.0545147058823529,0.1360147058823529,238,43.62,-79.52,12
20,0.5028709677419356,0.0161290322580645,0.0385698924731182,0.1166129032258064,205,43.62,-79.51,12
21,0.5381495327102803,0.015214953271028,0.0430654205607476,0.0963084112149532,10,43.62,-79.5,15
22,0.7253977900552486,0.0210939226519336,0.0547458563535911,0.1094861878453038,1875,43.62,-79.48,10
23,0.6290714285714286,0.0839761904761904,0.0587142857142857,0.101595238095238,16,43.62,-79.47,5
24,0.607717277486911,0.0166230366492146,0.0519895287958115,0.1459005235602092,82,43.63,-79.56,7
25,0.5001881188118811,0.0194653465346534,0.0358316831683168,0.180108910891089,645,43.63,-79.55,7
26,0.5890476190476189,0.0207936507936507,0.0456190476190476,0.1728730158730158,80,43.63,-79.54,6
27,0.6068235294117648,0.0858705882352941,0.076435294117647,0.1149764705882353,10,43.63,-79.53,5
28,0.6776626506024098,0.0258915662650602,0.0836506024096385,0.1383012048192771,39,43.63,-79.52,3
29,0.6043684210526317,0.0128947368421052,0.0640394736842105,0.133328947368421,3,43.63,-79.51,2
30,0.4762535211267608,0.0164929577464788,0.0492535211267605,0.1033239436619718,3,43.63,-79.48,5
31,0.5796746987951806,0.0303012048192771,0.0401686746987951,0.1269999999999999,505,43.63,-79.47,17
32,0.6458472222222222,0.0339166666666666,0.0205694444444444,0.1224583333333333,251,43.63,-79.45,9
33,0.5226923076923076,0.0313333333333333,0.0323846153846153,0.1282564102564102,125,43.63,-79.44,19
34,0.7475581395348836,0.0288837209302325,0.0352325581395348,0.1464302325581395,293,43.63,-79.43,37
35,0.6212857142857142,0.1464591836734693,0.0521428571428571,0.1209285714285714,161,43.63,-79.42,18
36,0.5410126582278482,0.1849113924050632,0.0535949367088607,0.1055949367088607,103,43.63,-79.41,9
37,0.4774109589041095,0.0583013698630136,0.0325753424657534,0.1198630136986301,244,43.63,-79.4,14
38,0.5079999999999999,0.0401851851851851,0.0270925925925926,0.1157407407407407,297,43.63,-79.39,19
39,0.5513750000000001,0.017875,0.037625,0.1138125,109,43.63,-79.38,18
40,0.5797816091954028,0.0182471264367816,0.057603448275862,0.1374942528735631,208,43.64,-79.56,10
41,0.6140833333333334,0.0352166666666666,0.0426666666666666,0.0954333333333333,6,43.64,-79.54,2
42,0.5270312499999998,0.0311874999999999,0.0517395833333333,0.1132708333333333,33,43.64,-79.53,6
43,0.5434666666666665,0.0966333333333333,0.0507777777777777,0.1024,77,43.64,-79.52,15
44,0.5037227722772276,0.0293564356435643,0.0488019801980197,0.1198415841584158,7,43.64,-79.51,6
45,0.5116268656716418,0.0245671641791044,0.0300597014925373,0.0946119402985074,5,43.64,-79.5,4
46,0.4858125,0.0207916666666666,0.0544374999999999,0.1868125,10,43.64,-79.48,7
47,0.5005072463768115,0.035927536231884,0.0604782608695652,0.1771884057971015,5,43.64,-79.47,2
48,0.5934301075268816,0.0326559139784946,0.0429032258064515,0.1728172043010753,83,43.64,-79.45,10
49,0.749137254901961,0.0224019607843137,0.0659705882352941,0.1968725490196077,13,43.64,-79.43,28
50,0.6459913043478257,0.0251304347826086,0.0494434782608695,0.1763913043478261,56,43.64,-79.42,31
51,0.6654741379310345,0.0305603448275861,0.0568706896551724,0.1731982758620689,6,43.64,-79.41,22
52,0.578504,0.029952,0.0631359999999999,0.169904,98,43.64,-79.4,46
53,0.53403825136612,0.0431366120218579,0.0345956284153005,0.1452459016393442,317,43.64,-79.39,50
54,0.5958846153846149,0.0454487179487179,0.0294551282051281,0.138076923076923,1042,43.64,-79.38,61
55,0.5894516129032259,0.0404967741935483,0.0374451612903225,0.185909677419355,1028,43.64,-79.37,61
56,0.7250106382978725,0.0448085106382978,0.0493617021276595,0.2001702127659574,789,43.64,-79.36,19
57,0.7746494845360828,0.009701030927835,0.0703195876288659,0.183958762886598,24,43.64,-79.34,5
58,0.5142046783625731,0.0170467836257309,0.0570058479532163,0.1244210526315789,148,43.65,-79.56,8
59,0.5818253968253967,0.0235079365079365,0.052031746031746,0.0907301587301587,26,43.65,-79.52,6
60,0.3930365853658537,0.0155853658536585,0.0448292682926829,0.1087926829268292,7,43.65,-79.51,7
61,0.5363666666666667,0.0276399999999999,0.0447666666666666,0.1846200000000001,59,43.65,-79.48,9
62,0.5870000000000001,0.0304065934065934,0.0397032967032966,0.176032967032967,6,43.65,-79.47,13
63,0.6110331491712708,0.0330828729281767,0.0467182320441988,0.1640331491712706,99,43.65,-79.45,26
64,0.7103043478260871,0.0147565217391304,0.0559565217391304,0.1788173913043478,28,43.65,-79.44,24
65,0.5675729166666668,0.0192812499999999,0.0566874999999999,0.1885208333333332,10,43.65,-79.43,35
66,0.625561797752809,0.023314606741573,0.0633595505617977,0.2083483146067415,5,43.65,-79.42,22
67,0.4632439024390244,0.0342682926829268,0.0309878048780487,0.2434512195121952,41,43.65,-79.4,49
68,0.5734999999999999,0.0309090909090908,0.0549015151515151,0.159530303030303,31,43.65,-79.39,54
69,0.518308176100629,0.0514276729559748,0.0397735849056603,0.1391509433962263,441,43.65,-79.38,84
70,0.4814805194805195,0.0541688311688311,0.0337337662337662,0.1379740259740259,241,43.65,-79.37,76
71,0.4930959999999998,0.0442959999999999,0.0419359999999999,0.1449439999999999,105,43.65,-79.36,49
72,0.6279698492462309,0.0366582914572864,0.0571356783919598,0.1368743718592965,867,43.65,-79.34,33
73,0.7567945205479452,0.0290958904109588,0.0481780821917808,0.1094109589041096,430,43.65,-79.33,13
74,0.52075,0.0159375,0.04225,0.1125,73,43.66,-79.59,3
75,0.420235294117647,0.0449705882352941,0.0519411764705882,0.0896617647058823,3,43.66,-79.58,8
76,0.6466774193548387,0.0180322580645161,0.0760322580645161,0.1247419354838709,167,43.66,-79.51,6
77,0.6149800000000003,0.0417599999999999,0.0612799999999999,0.1321,169,43.66,-79.5,1
78,0.5616024844720497,0.0262857142857142,0.0471739130434782,0.1776273291925465,22,43.66,-79.48,12
79,0.6607580645161293,0.0290322580645161,0.047016129032258,0.172758064516129,3,43.66,-79.47,5
80,0.6728152173913041,0.0219510869565217,0.0495869565217391,0.1666793478260871,16,43.66,-79.45,13
81,0.7444553571428575,0.0124910714285714,0.0488303571428571,0.1672142857142857,36,43.66,-79.44,17
82,0.6087733333333334,0.02444,0.0352399999999999,0.16524,56,43.66,-79.43,24
83,0.6663565217391305,0.0190086956521739,0.0412695652173912,0.187608695652174,7,43.66,-79.42,16
84,0.6885700000000005,0.0255499999999999,0.05268,0.19125,20,43.66,-79.41,26
85,0.6120521739130438,0.0224260869565217,0.0381565217391304,0.1763478260869565,37,43.66,-79.4,29
86,0.5319795918367347,0.0461020408163265,0.0370306122448979,0.1851530612244897,50,43.66,-79.39,16
87,0.6514666666666666,0.0492787878787878,0.0406181818181818,0.1777393939393938,135,43.66,-79.38,38
88,0.6366716417910447,0.0268805970149253,0.0612014925373134,0.1317164179104477,89,43.66,-79.37,43
89,0.6407701149425288,0.0402183908045976,0.0566896551724137,0.1139540229885057,16,43.66,-79.36,23
90,0.5045071090047396,0.0293601895734597,0.035824644549763,0.1319668246445497,15,43.66,-79.34,20
91,0.6675894736842104,0.0208842105263157,0.0430631578947368,0.1134736842105263,6,43.66,-79.33,20
92,0.5937358490566041,0.0292767295597484,0.0391949685534591,0.1117106918238993,46,43.66,-79.31,16
93,0.5885777777777779,0.0227111111111111,0.0348222222222222,0.1028666666666666,17,43.66,-79.3,8
94,0.5325454545454544,0.0345636363636363,0.0226545454545454,0.161290909090909,80,43.67,-79.59,5
95,0.6206111111111112,0.0163749999999999,0.0322777777777777,0.1266666666666666,61,43.67,-79.56,10
96,0.4968307692307692,0.0267076923076922,0.0591076923076922,0.1292,37,43.67,-79.55,10
97,0.3383432835820895,0.0129253731343283,0.0392089552238805,0.1026119402985074,3,43.67,-79.54,2
98,0.4898901098901099,0.0157032967032967,0.0449999999999999,0.1712747252747253,65,43.67,-79.47,13
99,0.6526890243902443,0.0157926829268292,0.0615426829268292,0.1758658536585367,26,43.67,-79.45,21
100,0.602836956521739,0.0325978260869565,0.046445652173913,0.1894130434782608,119,43.67,-79.44,28
101,0.71623595505618,0.0204943820224719,0.043067415730337,0.1947977528089887,21,43.67,-79.43,17
102,0.5980581395348836,0.0145348837209302,0.043313953488372,0.1625697674418604,18,43.67,-79.42,21
103,0.6463936170212767,0.0303297872340425,0.0499361702127659,0.1655957446808511,53,43.67,-79.41,18
104,0.5941562499999998,0.0334687499999999,0.0518645833333333,0.1652708333333333,21,43.67,-79.4,18
105,0.5349767441860466,0.0521550387596899,0.0438062015503876,0.172813953488372,90,43.67,-79.39,28
106,0.4838818897637795,0.0744881889763779,0.0351968503937007,0.1401338582677165,113,43.67,-79.38,29
107,0.5233626373626374,0.0692527472527472,0.0378681318681318,0.1207142857142857,66,43.67,-79.37,13
108,0.5546086956521739,0.0473478260869565,0.0449855072463767,0.1343478260869565,121,43.67,-79.36,21
109,0.4969181286549705,0.0267485380116959,0.0512982456140351,0.1162514619883041,26,43.67,-79.34,21
110,0.560452229299363,0.0196560509554139,0.0562547770700636,0.1065796178343949,15,43.67,-79.31,6
111,0.5804395604395606,0.026076923076923,0.0586703296703296,0.0922087912087912,25,43.67,-79.3,12
112,0.4135312499999999,0.0380729166666666,0.0577812499999999,0.0800625,6,43.67,-79.29,6
113,0.6156804123711337,0.040701030927835,0.0621752577319587,0.1558762886597938,35,43.68,-79.59,10
114,0.5963191489361702,0.0244680851063829,0.0867127659574468,0.1110212765957446,30,43.68,-79.58,7
115,0.4664477611940297,0.0158507462686567,0.0417611940298507,0.1364477611940298,5,43.68,-79.55,5
116,0.3802,0.0193714285714285,0.0530999999999999,0.0700714285714285,9,43.68,-79.54,10
117,0.3887999999999999,0.00945,0.0290999999999999,0.0804333333333333,22,43.68,-79.53,3
118,0.5340759493670884,0.0184936708860759,0.0555189873417721,0.0983164556962025,6,43.68,-79.52,9
119,0.563258064516129,0.0201612903225806,0.0835268817204301,0.1156666666666666,32,43.68,-79.51,13
120,0.5382888888888889,0.0139777777777777,0.0537333333333333,0.1762222222222222,37,43.68,-79.5,4
121,0.5183076923076927,0.022525641025641,0.053551282051282,0.1884615384615383,131,43.68,-79.48,20
122,0.577855421686747,0.0193253012048192,0.0807590361445783,0.1790361445783132,45,43.68,-79.47,29
123,0.6854819277108432,0.0190602409638554,0.0633614457831325,0.2237951807228916,176,43.68,-79.44,20
124,0.6893300970873786,0.02526213592233,0.0433980582524271,0.1682718446601941,31,43.68,-79.42,15
125,0.5624112149532712,0.044626168224299,0.0642897196261682,0.1502242990654205,54,43.68,-79.41,13
126,0.5437857142857142,0.0616904761904761,0.0527023809523809,0.1547380952380952,41,43.68,-79.4,7
127,0.6150080645161292,0.0780483870967741,0.0470887096774193,0.1412177419354838,66,43.68,-79.39,18
128,0.4782727272727273,0.0713090909090909,0.039490909090909,0.1273272727272727,205,43.68,-79.36,14
129,0.5014437869822487,0.016284023668639,0.066189349112426,0.0982781065088757,7,43.68,-79.34,14
130,0.4588541666666666,0.0216770833333333,0.0639895833333333,0.09490625,3,43.68,-79.33,12
131,0.390696261682243,0.0242009345794392,0.0699906542056074,0.1018504672897196,32,43.68,-79.31,20
132,0.4476097560975611,0.0149024390243902,0.076060975609756,0.0933292682926829,53,43.68,-79.3,19
133,0.5077088607594937,0.0234936708860759,0.0630126582278481,0.0847088607594937,22,43.68,-79.29,7
134,0.5119175257731958,0.0200824742268041,0.0478659793814432,0.1134742268041237,9,43.68,-79.28,13
135,0.5353389830508475,0.0112203389830508,0.0403559322033898,0.1169152542372881,9,43.68,-79.27,8
136,0.6091935483870967,0.0181720430107526,0.0712258064516128,0.1541075268817204,79,43.69,-79.59,1
137,0.6357032967032967,0.0113516483516483,0.0556703296703296,0.1676923076923076,27,43.69,-79.58,4
138,0.5411739130434787,0.0174565217391304,0.0393097826086956,0.1544728260869564,1241,43.69,-79.56,3
139,0.5175000000000002,0.0322499999999999,0.0672727272727272,0.0979545454545454,14,43.69,-79.55,9
140,0.5089670329670332,0.0161758241758241,0.0625494505494505,0.0974945054945054,115,43.69,-79.54,12
141,0.5251447368421053,0.0184078947368421,0.052578947368421,0.1048947368421052,3,43.69,-79.53,7
142,0.5190285714285713,0.0065142857142857,0.0630714285714285,0.0971999999999999,4,43.69,-79.52,5
143,0.5341944444444443,0.0156388888888888,0.0446944444444444,0.1252222222222222,68,43.69,-79.51,7
144,0.4421411764705883,0.0120823529411764,0.0628235294117646,0.1975294117647058,41,43.69,-79.5,13
145,0.5591279999999996,0.0130559999999999,0.0603839999999999,0.2064079999999999,32,43.69,-79.48,11
146,0.6096914893617023,0.0145851063829787,0.059095744680851,0.2005851063829787,102,43.69,-79.47,14
147,0.6654659685863871,0.0202513089005235,0.0753455497382198,0.2185759162303666,33,43.69,-79.45,13
148,0.674105263157895,0.0298315789473684,0.0545578947368421,0.2018526315789474,141,43.69,-79.44,24
149,0.6377123287671235,0.017958904109589,0.0745890410958904,0.1663561643835615,145,43.69,-79.43,11
150,0.5262560975609756,0.0757439024390243,0.0671951219512195,0.148670731707317,14,43.69,-79.42,10
151,0.4731195652173912,0.0837499999999999,0.0465760869565217,0.1387391304347826,66,43.69,-79.4,9
152,0.4607777777777776,0.0898024691358024,0.0574814814814814,0.1297654320987654,9,43.69,-79.39,13
153,0.5378023255813956,0.0454883720930232,0.0550581395348836,0.0971744186046511,7,43.69,-79.38,9
154,0.4100158730158729,0.0402857142857143,0.0584285714285714,0.104015873015873,9,43.69,-79.37,5
155,0.4168809523809524,0.0793809523809523,0.0541428571428571,0.0910714285714285,3,43.69,-79.36,3
156,0.4361428571428569,0.0242176870748299,0.0497414965986394,0.1045374149659864,115,43.69,-79.34,13
157,0.3952439024390245,0.0331585365853658,0.0462317073170731,0.0955609756097561,69,43.69,-79.33,6
158,0.5068617021276594,0.0214042553191489,0.0529308510638298,0.1047393617021276,3,43.69,-79.31,11
159,0.5049615384615384,0.0236153846153846,0.0684743589743589,0.0889102564102564,11,43.69,-79.29,10
160,0.4505555555555556,0.0316333333333333,0.0920555555555555,0.1142222222222222,32,43.69,-79.28,13
161,0.432435294117647,0.0147176470588235,0.0624235294117646,0.1196117647058823,82,43.69,-79.27,7
162,0.4827014925373134,0.0156865671641791,0.0541194029850745,0.1030895522388059,28,43.69,-79.26,6
163,0.6362365591397849,0.0093548387096774,0.0582795698924731,0.1395806451612903,149,43.7,-79.59,2
164,0.5915729166666668,0.0071666666666666,0.0506979166666666,0.20609375,25,43.7,-79.58,1
165,0.6029226190476192,0.0114583333333333,0.0555714285714285,0.1809285714285715,486,43.7,-79.56,8
166,0.5656410256410256,0.0149487179487179,0.0508076923076922,0.1379999999999999,1799,43.7,-79.55,5
167,0.5156875000000001,0.01084375,0.0528125,0.08428125,125,43.7,-79.54,1
168,0.6403023255813954,0.0245581395348837,0.0492325581395348,0.135953488372093,74,43.7,-79.53,6
169,0.5384259259259259,0.0156296296296296,0.0684074074074074,0.1515,7,43.7,-79.52,5
170,0.6487710843373493,0.0115180722891566,0.0545060240963855,0.1361084337349397,24,43.7,-79.51,11
171,0.5389047619047619,0.0134761904761904,0.0736428571428571,0.1780357142857143,85,43.7,-79.5,19
172,0.5709640287769785,0.0080503597122302,0.0637985611510791,0.2166474820143885,50,43.7,-79.48,6
173,0.6139325842696628,0.0096741573033707,0.071943820224719,0.2696853932584269,134,43.7,-79.47,12
174,0.6373926380368101,0.0134601226993864,0.0881042944785275,0.1796073619631902,192,43.7,-79.45,10
175,0.5756477272727272,0.0482954545454545,0.0725681818181818,0.1590681818181817,7,43.7,-79.44,6
176,0.4842795698924731,0.0660322580645161,0.0619139784946236,0.1726129032258064,22,43.7,-79.43,6
177,0.6207032967032967,0.1016813186813187,0.0571208791208791,0.1581758241758241,89,43.7,-79.42,23
178,0.6297254901960784,0.0366470588235293,0.0575588235294117,0.1835294117647059,130,43.7,-79.41,11
179,0.5435052631578947,0.0680105263157894,0.0628105263157894,0.1455894736842105,68,43.7,-79.4,14
180,0.6442977099236641,0.0577328244274809,0.0532519083969465,0.1476106870229008,94,43.7,-79.39,20
181,0.6984186046511627,0.0714883720930232,0.0480930232558139,0.1223837209302325,16,43.7,-79.38,9
182,0.5765612244897957,0.0541734693877551,0.0508061224489795,0.1145408163265306,11,43.7,-79.37,7
183,0.453306818181818,0.0430568181818181,0.0514204545454545,0.1314431818181819,33,43.7,-79.36,7
184,0.5915034013605442,0.050578231292517,0.0732312925170067,0.119469387755102,9,43.7,-79.34,8
185,0.5386956521739129,0.071195652173913,0.0215217391304347,0.1240434782608695,64,43.7,-79.33,12
186,0.5100470588235292,0.0129058823529411,0.0546941176470588,0.0941999999999999,25,43.7,-79.31,6
187,0.4047820512820511,0.0141153846153846,0.0709743589743589,0.1572307692307692,53,43.7,-79.29,10
188,0.7193125,0.02015,0.0845124999999999,0.1178624999999999,13,43.7,-79.26,8
189,0.6230948275862068,0.0076120689655172,0.0471379310344827,0.1665862068965517,25,43.71,-79.59,7
190,0.6148536585365855,0.0069390243902439,0.0674024390243902,0.1239024390243902,231,43.71,-79.58,7
191,0.558934010152284,0.0100761421319796,0.0863350253807106,0.1668883248730963,133,43.71,-79.56,6
192,0.6262531645569621,0.0124303797468354,0.0526202531645569,0.2136582278481012,1118,43.71,-79.55,11
193,0.529348484848485,0.0126212121212121,0.0322272727272727,0.1253787878787879,1078,43.71,-79.54,1
194,0.5330842105263157,0.0224315789473684,0.0531157894736841,0.1496631578947369,6029,43.71,-79.53,13
195,0.6348167938931297,0.0110839694656488,0.0456335877862595,0.1610763358778626,2611,43.71,-79.52,5
196,0.6393260869565216,0.0195434782608695,0.0326521739130434,0.1680652173913043,480,43.71,-79.51,5
197,0.5882293577981652,0.017788990825688,0.0533577981651376,0.1752752293577981,677,43.71,-79.5,10
198,0.6868067226890762,0.0091596638655462,0.0753865546218487,0.1963949579831932,36,43.71,-79.48,1
199,0.7731166666666667,0.0036,0.0636333333333333,0.2297333333333333,35,43.71,-79.47,5
200,0.6004999999999999,0.0204782608695652,0.0750326086956521,0.1732717391304349,66,43.71,-79.45,7
201,0.5608380952380952,0.0443333333333333,0.0638761904761904,0.1513142857142857,159,43.71,-79.44,17
202,0.5132674418604651,0.0310930232558139,0.0637093023255813,0.167953488372093,288,43.71,-79.43,8
203,0.4950625,0.0936874999999999,0.0569374999999999,0.1551458333333333,10,43.71,-79.42,13
204,0.6389868421052632,0.0932499999999999,0.0489210526315789,0.1441842105263158,26,43.71,-79.41,10
205,0.5432873563218392,0.0414367816091953,0.0528505747126436,0.1677586206896551,20,43.71,-79.4,4
206,0.5757634408602151,0.0359139784946236,0.042516129032258,0.1114838709677419,9,43.71,-79.39,12
207,0.5332317073170733,0.0595,0.0582073170731707,0.1274146341463414,132,43.71,-79.37,10
208,0.5053592233009708,0.0268252427184465,0.0496407766990291,0.1129417475728155,68,43.71,-79.36,9
209,0.5298974358974358,0.0989230769230769,0.0641794871794871,0.1292179487179486,78,43.71,-79.33,13
210,0.4898854166666667,0.0236145833333333,0.0857604166666666,0.1061979166666667,21,43.71,-79.3,13
211,0.5219999999999999,0.0200602409638554,0.0783373493975903,0.1155060240963855,35,43.71,-79.29,9
212,0.4995051546391753,0.0393505154639175,0.086041237113402,0.1149072164948453,7,43.71,-79.28,15
213,0.4320416666666666,0.0336805555555555,0.0721527777777777,0.0941527777777778,60,43.71,-79.27,4
214,0.700337662337662,0.0338571428571428,0.0538961038961038,0.0902467532467532,21,43.71,-79.26,11
215,0.6784745762711865,0.0345254237288135,0.0813389830508474,0.0857457627118644,12,43.71,-79.25,9
216,0.5303823529411765,0.0139705882352941,0.0231764705882353,0.1580294117647059,3,43.72,-79.62,1
217,0.6633061224489795,0.0145714285714285,0.0508979591836734,0.1550816326530612,3,43.72,-79.61,4
218,0.4581600000000001,0.00704,0.0526099999999999,0.09742,6,43.72,-79.59,4
219,0.4306842105263157,0.013187969924812,0.0585864661654135,0.1070902255639097,3,43.72,-79.56,3
220,0.5372549019607842,0.0148039215686274,0.0439215686274509,0.118921568627451,25,43.72,-79.55,7
221,0.5790666666666666,0.0155333333333333,0.0857,0.1085,4,43.72,-79.54,2
222,0.6326727272727272,0.0195636363636363,0.0562545454545454,0.1686181818181817,401,43.72,-79.53,2
223,0.5695283018867927,0.013377358490566,0.0566603773584905,0.1621603773584906,548,43.72,-79.52,1
224,0.6031058823529413,0.0316705882352941,0.0596941176470588,0.1673411764705882,8,43.72,-79.51,3
225,0.5718571428571431,0.0092755102040816,0.0486020408163265,0.2628979591836735,171,43.72,-79.5,11
226,0.5143494623655913,0.0208870967741935,0.0594032258064515,0.1566935483870967,708,43.72,-79.48,13
227,0.5558351648351646,0.0159230769230769,0.0714285714285714,0.1591978021978022,402,43.72,-79.47,5
228,0.5546740331491716,0.0342541436464088,0.0563535911602209,0.1759337016574585,1052,43.72,-79.45,10
229,0.6356666666666667,0.0297499999999999,0.0578809523809523,0.1719642857142856,183,43.72,-79.44,2
230,0.5436086956521738,0.0381521739130434,0.063945652173913,0.2045543478260868,68,43.72,-79.43,11
231,0.514375,0.0184499999999999,0.0602,0.1929749999999999,16,43.72,-79.42,3
232,0.4920537634408602,0.0249677419354838,0.0557956989247311,0.1533978494623656,68,43.72,-79.41,17
233,0.5499999999999998,0.0358469387755101,0.064204081632653,0.1607653061224489,37,43.72,-79.4,8
234,0.4950281690140845,0.0641971830985915,0.0791830985915492,0.0834366197183098,7,43.72,-79.39,4
235,0.4536419753086419,0.0381975308641975,0.0542592592592592,0.1088518518518518,117,43.72,-79.38,1
236,0.5533896103896103,0.0452207792207792,0.0792077922077921,0.1064935064935064,90,43.72,-79.34,6
237,0.4797078651685392,0.0876966292134831,0.0418651685393258,0.1235505617977528,143,43.72,-79.33,15
238,0.5799191176470588,0.0448382352941176,0.0606323529411764,0.1464926470588234,141,43.72,-79.31,8
239,0.5470117647058822,0.0283882352941176,0.074435294117647,0.1110823529411765,165,43.72,-79.3,26
240,0.5333663366336634,0.0354554455445544,0.077089108910891,0.131049504950495,128,43.72,-79.29,12
241,0.590945054945055,0.0305934065934065,0.082043956043956,0.1245274725274725,198,43.72,-79.28,9
242,0.6106461538461536,0.0227538461538461,0.0857230769230769,0.1003538461538461,4,43.72,-79.27,4
243,0.8971076923076922,0.0415846153846153,0.0967230769230769,0.091876923076923,62,43.72,-79.26,11
244,0.7378915662650603,0.0115903614457831,0.0902771084337349,0.0761566265060241,37,43.72,-79.25,8
245,0.5525286624203818,0.0201019108280254,0.0846815286624204,0.0910828025477707,20,43.72,-79.23,6
246,0.595820895522388,0.0060447761194029,0.0375373134328358,0.1523432835820895,153,43.73,-79.62,1
247,0.7536222222222223,0.0025444444444444,0.0685,0.2123555555555556,84,43.73,-79.61,6
248,0.559897849462366,0.0077043010752688,0.0578494623655913,0.1088978494623655,16,43.73,-79.59,10
249,0.4903274336283186,0.0192123893805309,0.0651415929203539,0.1049646017699115,42,43.73,-79.56,12
250,0.5292820512820512,0.0148076923076923,0.0544230769230769,0.1293717948717948,222,43.73,-79.53,7
251,0.495153846153846,0.0085384615384615,0.0453230769230769,0.1238,297,43.73,-79.52,2
252,0.69925,0.0185416666666666,0.0663125,0.1316458333333333,19,43.73,-79.51,11
253,0.4914031007751939,0.0093565891472868,0.080813953488372,0.1921317829457364,165,43.73,-79.48,7
254,0.5603554216867467,0.030012048192771,0.0541144578313252,0.1776024096385541,236,43.73,-79.45,8
255,0.6221388888888888,0.0367685185185185,0.0427037037037036,0.1571666666666666,468,43.73,-79.44,9
256,0.547272,0.0217279999999999,0.0505279999999999,0.19044,2982,43.73,-79.43,10
257,0.5894468085106385,0.0501170212765957,0.0508510638297872,0.1575851063829787,104,43.73,-79.42,6
258,0.5875326086956523,0.014891304347826,0.0550108695652173,0.1739673913043478,9,43.73,-79.41,3
259,0.52894,0.0962,0.0543699999999999,0.13991,53,43.73,-79.4,4
260,0.5028387096774194,0.085516129032258,0.0434838709677419,0.0821935483870967,6,43.73,-79.38,4
261,0.5211294117647056,0.0346882352941176,0.0649882352941176,0.1179294117647058,110,43.73,-79.34,11
262,0.3932388059701493,0.0591194029850746,0.0542537313432835,0.1183731343283582,316,43.73,-79.33,2
263,0.4873448275862069,0.0283448275862068,0.0417758620689655,0.1292241379310344,207,43.73,-79.3,7
264,0.5600566037735848,0.0125849056603773,0.0796037735849056,0.1638113207547169,119,43.73,-79.29,4
265,0.5076202531645572,0.0163924050632911,0.0753670886075949,0.1180379746835443,20,43.73,-79.28,3
266,0.535942857142857,0.0215857142857142,0.0873428571428571,0.0662142857142857,75,43.73,-79.27,9
267,0.581168539325843,0.0544269662921348,0.0597640449438201,0.0856853932584269,50,43.73,-79.26,13
268,0.6128000000000001,0.01796,0.0783733333333333,0.0812666666666666,33,43.73,-79.25,25
269,0.631450980392157,0.0146078431372549,0.0528627450980392,0.0857843137254902,24,43.73,-79.22,4
270,0.7857647058823529,0.0063823529411764,0.0452941176470588,0.1762647058823529,81,43.74,-79.63,3
271,0.5447343749999999,0.0188593749999999,0.0635468749999999,0.1500312499999999,105,43.74,-79.62,2
272,0.633125,0.0039886363636363,0.0621477272727272,0.2185681818181817,3,43.74,-79.61,6
273,0.5851920903954801,0.010683615819209,0.0711638418079096,0.135045197740113,20,43.74,-79.59,12
274,0.5254421052631578,0.0438947368421052,0.0846,0.1074631578947368,37,43.74,-79.58,23
275,0.6385783132530125,0.0095662650602409,0.0445903614457831,0.1692530120481927,84,43.74,-79.56,14
276,0.4873859649122807,0.0060877192982456,0.0615438596491228,0.1541578947368421,7,43.74,-79.55,6
277,0.5572291666666667,0.0380208333333333,0.0540624999999999,0.1686875,243,43.74,-79.54,1
278,0.6249878048780487,0.0133536585365853,0.0953780487804878,0.1377195121951219,46,43.74,-79.51,9
279,0.445265060240964,0.0064698795180722,0.0863855421686746,0.1923373493975903,10,43.74,-79.5,6
280,0.5513861386138614,0.0145643564356435,0.0773267326732673,0.1398811881188119,249,43.74,-79.48,13
281,0.5479999999999999,0.0362857142857142,0.0584714285714285,0.1229,37,43.74,-79.45,4
282,0.6025499999999997,0.01585,0.0604624999999999,0.2281875,6,43.74,-79.43,2
283,0.5604893617021278,0.0550425531914893,0.0196382978723404,0.1743617021276595,800,43.74,-79.41,1
284,0.5464264705882352,0.1297794117647059,0.0677499999999999,0.1170441176470588,40,43.74,-79.4,14
285,0.5699791666666668,0.072875,0.0571874999999999,0.131375,22,43.74,-79.38,2
286,0.4856879999999997,0.020336,0.082936,0.09408,3,43.74,-79.34,3
287,0.389,0.0320526315789473,0.0537105263157894,0.1133421052631578,269,43.74,-79.33,7
288,0.5749539473684212,0.0411578947368421,0.0585657894736841,0.1320592105263157,60,43.74,-79.31,11
289,0.5811111111111111,0.0335714285714285,0.0703174603174602,0.1384920634920634,105,43.74,-79.3,16
290,0.5085205479452054,0.0417671232876712,0.0485753424657534,0.1953561643835616,128,43.74,-79.29,14
291,0.528,0.0447826086956521,0.0579130434782608,0.1490144927536232,33,43.74,-79.28,7
292,0.610872340425532,0.0294468085106383,0.084595744680851,0.0917021276595744,31,43.74,-79.27,10
293,0.4288275862068965,0.0189827586206896,0.0610689655172413,0.0933793103448276,12,43.74,-79.25,4
294,0.4074333333333333,0.0286583333333333,0.0790416666666666,0.071725,3,43.74,-79.23,8
295,0.7989047619047618,0.0088571428571428,0.0355238095238095,0.1418571428571428,200,43.75,-79.63,3
296,0.6021428571428571,0.0067142857142857,0.0525428571428571,0.1400857142857142,6,43.75,-79.62,2
297,0.5413720930232558,0.0105348837209302,0.0537906976744186,0.1247209302325581,205,43.75,-79.61,8
298,0.5768712121212121,0.0095378787878787,0.0437196969696969,0.2013106060606059,13,43.75,-79.56,5
299,0.7997866666666665,0.006,0.0694799999999999,0.1798533333333333,4,43.75,-79.55,5
300,0.8184565217391302,0.0173695652173913,0.0797717391304347,0.1689673913043478,306,43.75,-79.54,16
301,0.5837619047619048,0.0137857142857142,0.0471785714285714,0.145845238095238,468,43.75,-79.53,8
302,0.5745783132530119,0.0320481927710843,0.0697831325301204,0.139144578313253,183,43.75,-79.52,10
303,0.5721199999999999,0.01276,0.0936533333333333,0.10664,95,43.75,-79.51,20
304,0.605265306122449,0.006469387755102,0.0832857142857142,0.1759387755102041,7,43.75,-79.5,5
305,0.5857124183006536,0.0204183006535947,0.0909542483660131,0.1297058823529411,91,43.75,-79.48,8
306,0.5885786802030456,0.0179999999999999,0.0668375634517766,0.2060406091370558,12,43.75,-79.45,12
307,0.6778414634146341,0.0219756097560975,0.0615487804878048,0.2303292682926829,30,43.75,-79.44,7
308,0.5764833333333333,0.01745,0.0569333333333333,0.1791166666666667,17,43.75,-79.43,17
309,0.4268372093023256,0.0126511627906976,0.075906976744186,0.1253720930232558,5,43.75,-79.42,5
310,0.4588115942028984,0.0418550724637681,0.0992608695652173,0.1288260869565217,640,43.75,-79.41,6
311,0.4716435643564357,0.0254257425742574,0.0566237623762376,0.132039603960396,536,43.75,-79.4,7
312,0.5462833333333333,0.0922666666666666,0.0468166666666666,0.0897499999999999,26,43.75,-79.38,2
313,0.4922471910112359,0.0268314606741572,0.0790674157303371,0.1058426966292135,55,43.75,-79.36,2
314,0.6062999999999996,0.0291384615384615,0.0878999999999999,0.0960230769230769,26,43.75,-79.34,7
315,0.4584556962025316,0.0242025316455696,0.0544177215189873,0.1168481012658228,198,43.75,-79.33,2
316,0.4880420168067229,0.0276386554621848,0.0679579831932772,0.102655462184874,129,43.75,-79.31,18
317,0.4034399999999998,0.02266,0.0769799999999999,0.0838399999999999,12,43.75,-79.3,8
318,0.526121212121212,0.0517575757575757,0.0566969696969696,0.1373939393939394,81,43.75,-79.29,5
319,0.426463768115942,0.0286521739130434,0.0668985507246376,0.1339565217391305,3,43.75,-79.28,3
320,0.5649175257731961,0.1101340206185566,0.079701030927835,0.1515773195876288,77,43.75,-79.27,2
321,0.6246842105263155,0.0332236842105263,0.0876973684210526,0.1107236842105263,71,43.75,-79.26,11
322,0.4988695652173913,0.0239130434782608,0.0705072463768115,0.1176521739130434,18,43.75,-79.25,9
323,0.5002608695652172,0.0262753623188405,0.0725869565217391,0.1121811594202898,3,43.75,-79.23,6
324,0.4998653846153845,0.0237692307692307,0.0677884615384615,0.093076923076923,39,43.75,-79.19,4
325,0.5268888888888887,0.0253333333333333,0.1515555555555555,0.1045555555555555,18,43.76,-79.59,1
326,0.615541176470588,0.0160470588235293,0.0483529411764705,0.1940470588235295,57,43.76,-79.56,2
327,0.7370222222222224,0.0053,0.0581666666666666,0.1585111111111111,38,43.76,-79.55,3
328,0.6355172413793102,0.0091379310344827,0.0537471264367816,0.1504367816091953,43,43.76,-79.54,2
329,0.4462777777777778,0.0081111111111111,0.0801481481481481,0.1492407407407407,83,43.76,-79.52,6
330,0.5177222222222221,0.0117222222222222,0.1182083333333333,0.1623888888888889,6,43.76,-79.5,4
331,0.5779681528662423,0.0389044585987261,0.0724394904458598,0.1378025477707006,160,43.76,-79.48,5
332,0.5504470588235292,0.0452823529411764,0.0716941176470588,0.1488588235294117,35,43.76,-79.47,2
333,0.484142857142857,0.0046571428571428,0.0603142857142857,0.2008285714285714,20,43.76,-79.44,3
334,0.535,0.0363482142857142,0.0620357142857142,0.106875,112,43.76,-79.41,20
335,0.4762872340425531,0.0603297872340425,0.0892127659574467,0.0815744680851064,59,43.76,-79.4,6
336,0.4242209302325582,0.0260465116279069,0.0742906976744185,0.0808488372093023,173,43.76,-79.39,1
337,0.4944285714285712,0.0463367346938775,0.0474591836734693,0.1116734693877551,1378,43.76,-79.38,15
338,0.4883787878787878,0.0210151515151514,0.0484545454545454,0.1474393939393938,984,43.76,-79.37,2
339,0.5432911392405063,0.0367974683544303,0.0567974683544303,0.1246708860759494,5720,43.76,-79.36,6
340,0.5618156028368794,0.0335177304964538,0.045418439716312,0.110659574468085,278,43.76,-79.34,7
341,0.5154848484848484,0.0245454545454545,0.0397676767676767,0.1163838383838383,940,43.76,-79.33,1
342,0.4604802631578946,0.0196381578947368,0.0488486842105262,0.1033355263157894,264,43.76,-79.31,8
343,0.4777682926829268,0.0307195121951219,0.0706951219512195,0.1267682926829268,182,43.76,-79.3,10
344,0.6402307692307694,0.015076923076923,0.0749780219780219,0.2272747252747253,22,43.76,-79.29,6
345,0.5340114942528736,0.0829770114942528,0.0563563218390804,0.1338505747126437,163,43.76,-79.28,20
346,0.5781363636363634,0.0532090909090909,0.0742363636363636,0.1481181818181818,138,43.76,-79.27,8
347,0.4861818181818182,0.0179636363636363,0.0606181818181818,0.0878363636363636,3,43.76,-79.26,1
348,0.4384675324675324,0.0244935064935064,0.0951818181818182,0.1052857142857143,6,43.76,-79.22,8
349,0.5139876543209877,0.0261111111111111,0.0841604938271604,0.1468024691358025,21,43.76,-79.19,8
350,0.5525189873417721,0.0144936708860759,0.0843164556962025,0.1236708860759493,28,43.76,-79.18,21
351,0.5268358208955223,0.0053880597014925,0.118597014925373,0.1113731343283582,9,43.76,-79.17,3
352,0.5893125,0.014,0.08875,0.15125,51,43.77,-79.54,4
353,0.5706538461538462,0.0213461538461538,0.0576923076923076,0.1307692307692307,126,43.77,-79.53,3
354,0.5308125,0.00875,0.0619999999999999,0.1302708333333333,35,43.77,-79.52,11
355,0.5431666666666666,0.0209666666666666,0.1079666666666666,0.1419333333333333,4,43.77,-79.51,2
356,0.5466705882352941,0.0108823529411764,0.0552470588235294,0.322941176470588,6,43.77,-79.5,4
357,0.5797872340425531,0.0159787234042553,0.0601063829787233,0.1487659574468085,36,43.77,-79.44,11
358,0.5536046511627906,0.0166279069767441,0.0490930232558139,0.2130697674418604,97,43.77,-79.43,5
359,0.4670921052631576,0.0218552631578947,0.086078947368421,0.157657894736842,45,43.77,-79.42,6
360,0.4427338709677421,0.0283790322580645,0.0658225806451612,0.0914032258064516,12,43.77,-79.41,19
361,0.4039682539682539,0.0171587301587301,0.1264603174603174,0.0702539682539682,3,43.77,-79.39,2
362,0.4962931034482759,0.0229655172413793,0.0702241379310344,0.128103448275862,7,43.77,-79.38,4
363,0.4874313725490196,0.0351764705882352,0.072313725490196,0.1325490196078431,4,43.77,-79.37,5
364,0.5428285714285715,0.0438999999999999,0.0795857142857142,0.104,19,43.77,-79.36,3
365,0.4465445026178011,0.0272146596858638,0.0573350785340314,0.1225706806282722,275,43.77,-79.34,19
366,0.5502400000000001,0.0649679999999999,0.070128,0.154784,66,43.77,-79.33,7
367,0.5451232876712326,0.0172191780821917,0.0547671232876712,0.1207808219178082,156,43.77,-79.3,13
368,0.6047866666666667,0.0138,0.0312133333333333,0.1811466666666666,384,43.77,-79.29,5
369,0.6139243697478988,0.0479159663865545,0.0454369747899159,0.1371596638655462,1259,43.77,-79.28,11
370,0.5697362637362635,0.0202857142857142,0.0674065934065933,0.1395824175824175,348,43.77,-79.27,6
371,0.5201287128712873,0.0243762376237623,0.0715841584158415,0.1085049504950495,101,43.77,-79.26,12
372,0.4511065573770489,0.0292540983606557,0.0758360655737705,0.1083524590163934,235,43.77,-79.25,21
373,0.5795785714285717,0.0270285714285714,0.0638214285714285,0.1300285714285714,52,43.77,-79.23,18
374,0.3921132075471696,0.0230377358490566,0.0640943396226415,0.0816037735849056,3,43.77,-79.22,7
375,0.4608970588235294,0.0258970588235294,0.0655588235294117,0.1307647058823529,30,43.77,-79.18,10
376,0.6197368421052629,0.0444736842105263,0.0609999999999999,0.1217543859649122,6,43.77,-79.17,9
377,0.5336829268292684,0.0134390243902439,0.0679756097560975,0.1126829268292683,3,43.77,-79.16,3
378,0.6323015873015875,0.014079365079365,0.0764761904761904,0.2193492063492063,125,43.78,-79.48,5
379,0.5710816326530611,0.0432959183673469,0.0621020408163265,0.1691530612244898,99,43.78,-79.47,7
380,0.5008717948717949,0.0200641025641025,0.0896410256410256,0.1324743589743589,23,43.78,-79.44,12
381,0.4176363636363636,0.1087532467532467,0.070012987012987,0.1104155844155844,70,43.78,-79.41,23
382,0.4560499999999999,0.0385333333333333,0.0830666666666666,0.0803666666666667,8,43.78,-79.4,15
383,0.4456181818181819,0.0255999999999999,0.0889272727272727,0.0739818181818181,9,43.78,-79.39,7
384,0.4569374999999999,0.021875,0.086375,0.12134375,8,43.78,-79.37,2
385,0.4766491228070175,0.021438596491228,0.0592456140350877,0.080298245614035,9,43.78,-79.36,4
386,0.4949539473684209,0.0207499999999999,0.0404342105263157,0.1160855263157895,401,43.78,-79.34,3
387,0.5774040404040405,0.0096363636363636,0.039040404040404,0.0837575757575757,3,43.78,-79.31,7
388,0.5343896103896103,0.028051948051948,0.064038961038961,0.174012987012987,33,43.78,-79.29,12
389,0.5554230769230769,0.020076923076923,0.0722692307692307,0.1446923076923076,54,43.78,-79.28,15
390,0.5518356164383561,0.026986301369863,0.0634794520547945,0.1300684931506849,16,43.78,-79.27,7
391,0.471986842105263,0.0208552631578947,0.0477236842105263,0.1348552631578946,118,43.78,-79.26,8
392,0.4598020833333332,0.0257708333333333,0.0408749999999999,0.1408645833333333,272,43.78,-79.25,13
393,0.560026595744681,0.016409574468085,0.055345744680851,0.1583510638297872,309,43.78,-79.23,12
394,0.4751346153846156,0.074576923076923,0.0662307692307692,0.1021538461538461,44,43.78,-79.22,1
395,0.512056179775281,0.0396741573033707,0.0803820224719101,0.1108539325842696,3,43.78,-79.2,6
396,0.601673469387755,0.0192653061224489,0.0760816326530612,0.1179591836734694,98,43.78,-79.19,1
397,0.4897878787878787,0.0214545454545454,0.0407878787878788,0.1262121212121212,5,43.78,-79.18,3
398,0.6436969696969697,0.0153787878787878,0.0547272727272727,0.1134999999999999,3,43.78,-79.16,7
399,0.544375,0.027125,0.041875,0.1305,8,43.79,-79.45,4
400,0.4665952380952381,0.0178333333333333,0.1053571428571428,0.1231666666666666,44,43.79,-79.44,9
401,0.4572933333333333,0.02324,0.0906666666666666,0.1503999999999999,76,43.79,-79.42,18
402,0.4090869565217391,0.0187101449275362,0.0640724637681159,0.0958405797101449,3,43.79,-79.41,15
403,0.5168235294117648,0.0308970588235294,0.0673823529411764,0.0911764705882352,9,43.79,-79.39,4
404,0.5365897435897435,0.0234230769230769,0.0514102564102563,0.0971538461538461,41,43.79,-79.36,6
405,0.556282208588957,0.018963190184049,0.0564171779141104,0.1129693251533742,127,43.79,-79.34,2
406,0.4625070422535209,0.0163521126760563,0.0524647887323943,0.0939577464788732,20,43.79,-79.33,11
407,0.4735911949685533,0.0150125786163521,0.0746855345911949,0.0998867924528301,19,43.79,-79.31,20
408,0.6144444444444445,0.0200444444444444,0.0496666666666666,0.1044666666666666,11,43.79,-79.3,5
409,0.5295526315789474,0.0196315789473684,0.0432631578947368,0.1075,69,43.79,-79.29,5
410,0.5441276595744678,0.0161914893617021,0.0548510638297872,0.1253404255319149,13,43.79,-79.28,3
411,0.5310333333333332,0.0294499999999999,0.1047,0.1274,78,43.79,-79.26,2
412,0.5353098591549296,0.0111971830985915,0.0841971830985915,0.172450704225352,98,43.79,-79.25,3
413,0.5466032608695656,0.0257608695652173,0.0700815217391304,0.152320652173913,318,43.79,-79.23,12
414,0.7437599999999998,0.0313999999999999,0.0631333333333333,0.1192933333333333,21,43.79,-79.22,5
415,0.5200000000000001,0.0383999999999999,0.0404249999999999,0.1091687499999999,20,43.79,-79.2,5
416,0.512536231884058,0.0181159420289855,0.0314927536231883,0.1379420289855072,30,43.79,-79.19,5
417,0.5533968253968254,0.0157301587301587,0.0525396825396825,0.1218571428571429,3,43.79,-79.17,3
418,0.5890410958904112,0.0261232876712328,0.0395479452054794,0.1095342465753424,16,43.79,-79.15,1
419,0.5158227848101267,0.0157974683544303,0.054126582278481,0.1138227848101265,54,43.79,-79.14,9
420,0.447,0.0484166666666666,0.0668333333333333,0.1095833333333333,94,43.8,-79.4,4
421,0.3144090909090909,0.0459545454545454,0.0491818181818181,0.1014999999999999,6,43.8,-79.39,2
422,0.4271874999999999,0.02,0.0518125,0.125625,7,43.8,-79.38,5
423,0.4035238095238094,0.0121904761904761,0.0599523809523809,0.1007380952380952,9,43.8,-79.37,4
424,0.4964651162790697,0.0161395348837209,0.0655581395348837,0.0923023255813953,6,43.8,-79.33,9
425,0.558043956043956,0.0197472527472527,0.0716813186813186,0.0636593406593406,3,43.8,-79.31,6
426,0.5351372549019608,0.0256274509803921,0.0619411764705882,0.1150196078431373,9,43.8,-79.3,6
427,0.6761123595505617,0.0311235955056179,0.0636629213483146,0.1340561797752809,388,43.8,-79.29,12
428,0.6110677966101693,0.0231694915254237,0.0719999999999999,0.1064915254237288,3,43.8,-79.28,13
429,0.6452394366197184,0.0132957746478873,0.0832394366197182,0.0996619718309859,7,43.8,-79.27,7
430,0.6701944444444444,0.034361111111111,0.081736111111111,0.0842777777777778,41,43.8,-79.26,14
431,0.7253852459016392,0.0057704918032786,0.0544180327868852,0.1532868852459016,10,43.8,-79.23,2
432,0.5191748251748252,0.0367622377622377,0.0533636363636363,0.1590629370629371,18,43.8,-79.2,4
433,0.6238658536585364,0.0086463414634146,0.0654024390243902,0.1750853658536585,29,43.8,-79.19,16
434,0.4755749999999999,0.01135,0.05305,0.0976249999999999,27,43.8,-79.18,2
435,0.598348484848485,0.0113181818181818,0.0260757575757575,0.0899242424242423,3,43.8,-79.17,11
436,0.4898750000000002,0.0481785714285714,0.0402499999999999,0.0836607142857143,3,43.8,-79.16,4
437,0.4227619047619046,0.0161904761904761,0.0376666666666666,0.0989047619047619,6,43.8,-79.14,2
438,0.6537499999999999,0.00925,0.073375,0.103875,85,43.81,-79.36,5
439,0.6001190476190479,0.0179166666666666,0.060047619047619,0.1525,129,43.81,-79.34,2
440,0.5477368421052631,0.0202105263157894,0.0524035087719298,0.0801228070175438,3,43.81,-79.33,7
441,0.4609433962264151,0.0323018867924528,0.0621509433962263,0.108188679245283,21,43.81,-79.3,6
442,0.5827647058823531,0.0153823529411764,0.0593235294117647,0.0880735294117647,12,43.81,-79.27,8
443,0.6565970149253731,0.0155074626865671,0.0937014925373134,0.0736865671641791,3,43.81,-79.26,10
444,0.7501599999999999,0.0198666666666666,0.07428,0.0910133333333333,7,43.81,-79.25,5
445,0.6455000000000003,0.0098125,0.0561249999999999,0.12569375,35,43.81,-79.23,8
446,0.61418,0.0262,0.1045,0.11364,74,43.82,-79.3,9
447,0.5392625,0.014,0.0748374999999999,0.1036125,41,43.82,-79.26,6
448,0.496313725490196,0.0256862745098039,0.042078431372549,0.0846470588235294,6,43.82,-79.22,1
449,0.5214285714285715,0.0101428571428571,0.0395,0.1714285714285714,22,43.83,-79.27,5
450,0.52828125,0.0178906249999999,0.067625,0.1242812499999999,30,43.83,-79.25,11
451,1.0963999999999998,0.0232,0.0034,0.1068,3,43.85,-79.18,1
