,Latitude,Longitude,AvgAcceleration,PercentOfVehicles,IncidentsTotal,SeverityScore,LATITUDE,LONGITUDE,COUNT
0,43.59,-79.54,0.4609620253164559,0.056392405063291115,47,0.04775,43.59,-79.54,4
1,43.59,-79.53,0.4919753086419754,0.07237037037037038,8,0.022,43.59,-79.53,11
2,43.59,-79.51,0.5503095238095238,0.05264285714285714,6,0.028,43.59,-79.51,6
3,43.6,-79.55,0.48122857142857145,0.04318571428571426,1419,0.029125,43.6,-79.55,2
4,43.6,-79.54,0.46366265060240974,0.04563855421686745,24,0.018,43.6,-79.54,10
5,43.6,-79.53,0.47562650602409645,0.07995180722891566,3,0.027,43.6,-79.53,3
6,43.6,-79.51,0.6140416666666666,0.04069444444444442,10,0.156,43.6,-79.51,9
7,43.6,-79.5,0.6219499999999999,0.07168749999999995,109,0.1125,43.6,-79.5,11
8,43.61,-79.56,0.6302800000000002,0.059359999999999996,35,0.0388,43.61,-79.56,5
9,43.61,-79.55,0.6040152671755727,0.048488549618320574,1986,0.0181904761904761,43.61,-79.55,11
10,43.61,-79.54,0.6651415094339624,0.0606509433962264,860,0.0155882352941176,43.61,-79.54,4
11,43.61,-79.53,0.563978494623656,0.05763440860215054,2160,0.0321538461538461,43.61,-79.53,9
12,43.61,-79.52,0.5512972972972975,0.04421621621621619,407,0.0086153846153846,43.61,-79.52,13
13,43.61,-79.51,0.5781558441558443,0.03674025974025972,24,0.006,43.61,-79.51,6
14,43.61,-79.5,0.6134428571428574,0.04808571428571428,17,0.0156666666666666,43.61,-79.5,2
15,43.61,-79.48,0.5577799999999998,0.07848000000000002,3,0.006,43.61,-79.48,5
16,43.62,-79.56,0.5735434782608696,0.06415217391304347,9,0.0045,43.62,-79.56,3
17,43.62,-79.55,0.6916517857142858,0.04318749999999997,1207,0.012625,43.62,-79.55,6
18,43.62,-79.53,0.7330128205128205,0.08717948717948713,3,0.014,43.62,-79.53,2
19,43.62,-79.52,0.5373088235294119,0.05451470588235291,238,0.021625,43.62,-79.52,12
20,43.62,-79.51,0.5028709677419356,0.038569892473118275,205,0.0075,43.62,-79.51,12
21,43.62,-79.5,0.5381495327102803,0.04306542056074764,10,0.004,43.62,-79.5,15
22,43.62,-79.49,0.5806883116883118,0.043012987012986975,65,0.002625,43.62,-79.49,8
23,43.62,-79.48,0.8325384615384611,0.0634326923076923,1875,0.0206875,43.62,-79.48,10
24,43.62,-79.47,0.6290714285714286,0.058714285714285705,16,0.004,43.62,-79.47,5
25,43.63,-79.56,0.6300291262135922,0.049242718446601934,82,0.0028,43.63,-79.56,7
26,43.63,-79.55,0.5001881188118811,0.035831683168316815,645,0.0174615384615384,43.63,-79.55,7
27,43.63,-79.54,0.5890476190476189,0.0456190476190476,80,0.028875,43.63,-79.54,6
28,43.63,-79.53,0.6068235294117648,0.07643529411764703,10,0.0115,43.63,-79.53,5
29,43.63,-79.52,0.6776626506024098,0.08365060240963858,39,0.0405,43.63,-79.52,3
30,43.63,-79.51,0.6043684210526317,0.06403947368421052,3,0.006,43.63,-79.51,2
31,43.63,-79.48,0.5102432432432433,0.05705405405405404,3,0.005,43.63,-79.48,5
32,43.63,-79.47,0.5796746987951806,0.040168674698795176,505,0.0093333333333333,43.63,-79.47,17
33,43.63,-79.46,0.5663958333333334,0.017791666666666667,152,0.0095714285714285,43.63,-79.46,7
34,43.63,-79.45,0.80475,0.026125,251,0.008625,43.63,-79.45,9
35,43.63,-79.44,0.5226923076923076,0.03238461538461538,125,0.003625,43.63,-79.44,19
36,43.63,-79.43,0.7475581395348836,0.035232558139534874,293,0.0115384615384615,43.63,-79.43,37
37,43.63,-79.42,0.6212857142857142,0.05214285714285713,161,0.0061538461538461,43.63,-79.42,18
38,43.63,-79.41,0.5410126582278482,0.05359493670886075,103,0.0035714285714285,43.63,-79.41,9
39,43.63,-79.4,0.47741095890410956,0.03257534246575343,244,0.0097142857142857,43.63,-79.4,14
40,43.63,-79.39,0.5079999999999999,0.027092592592592602,297,0.0083,43.63,-79.39,19
41,43.63,-79.38,0.5513750000000001,0.03762500000000001,109,0.0113333333333333,43.63,-79.38,18
42,43.64,-79.57,0.5809500000000001,0.05704999999999996,19,0.01925,43.64,-79.57,7
43,43.64,-79.56,0.5791666666666665,0.057894736842105284,208,0.0047857142857142,43.64,-79.56,10
44,43.64,-79.54,0.6140833333333334,0.042666666666666665,6,0.0205,43.64,-79.54,2
45,43.64,-79.53,0.5270312499999998,0.05173958333333333,33,0.0144,43.64,-79.53,6
46,43.64,-79.52,0.5434666666666665,0.05077777777777777,77,0.0271666666666666,43.64,-79.52,15
47,43.64,-79.51,0.5037227722772276,0.048801980198019776,7,0.0065,43.64,-79.51,6
48,43.64,-79.5,0.5116268656716418,0.03005970149253731,5,0.01,43.64,-79.5,4
49,43.64,-79.49,0.5110416666666666,0.022291666666666668,3,0.005,43.64,-79.49,4
50,43.64,-79.48,0.47740277777777773,0.06515277777777778,10,0.0065,43.64,-79.48,7
51,43.64,-79.47,0.5005072463768115,0.06047826086956522,5,0.011,43.64,-79.47,2
52,43.64,-79.45,0.6587971014492754,0.04217391304347825,83,0.029,43.64,-79.45,10
53,43.64,-79.43,0.749137254901961,0.06597058823529411,13,0.0053333333333333,43.64,-79.43,28
54,43.64,-79.42,0.6459913043478257,0.049443478260869575,56,0.0186,43.64,-79.42,31
55,43.64,-79.41,0.6654741379310345,0.056870689655172404,6,0.0055,43.64,-79.41,22
56,43.64,-79.4,0.578504,0.06313599999999997,98,0.011090909090909,43.64,-79.4,46
57,43.64,-79.39,0.53403825136612,0.034595628415300526,317,0.0125263157894736,43.64,-79.39,50
58,43.64,-79.38,0.5958846153846149,0.029455128205128182,1042,0.014,43.64,-79.38,61
59,43.64,-79.37,0.5894516129032259,0.03744516129032254,1028,0.0254230769230769,43.64,-79.37,61
60,43.64,-79.36,0.7250106382978725,0.049361702127659564,789,0.0182857142857142,43.64,-79.36,19
61,43.64,-79.35,0.74194,0.07057999999999996,518,0.0147,43.64,-79.35,10
62,43.64,-79.34,0.8094468085106381,0.07004255319148933,24,0.0155,43.64,-79.34,5
63,43.65,-79.56,0.5308333333333334,0.05070588235294115,148,0.0023333333333333,43.65,-79.56,8
64,43.65,-79.52,0.5818253968253967,0.05203174603174601,26,0.0195,43.65,-79.52,6
65,43.65,-79.51,0.39303658536585373,0.04482926829268293,7,0.0175,43.65,-79.51,7
66,43.65,-79.48,0.5689278350515463,0.03909278350515462,59,0.0266666666666666,43.65,-79.48,9
67,43.65,-79.47,0.5870000000000001,0.03970329670329669,6,0.0055,43.65,-79.47,13
68,43.65,-79.46,0.5198888888888888,0.045746031746031736,8,0.0085,43.65,-79.46,6
69,43.65,-79.45,0.6596949152542374,0.0472372881355932,99,0.017875,43.65,-79.45,26
70,43.65,-79.44,0.7103043478260871,0.055956521739130426,28,0.0103333333333333,43.65,-79.44,24
71,43.65,-79.43,0.5675729166666668,0.05668749999999998,10,0.0076666666666666,43.65,-79.43,35
72,43.65,-79.42,0.625561797752809,0.06335955056179772,5,0.007,43.65,-79.42,22
73,43.65,-79.4,0.46324390243902447,0.030987804878048763,41,0.00975,43.65,-79.4,49
74,43.65,-79.39,0.5734999999999999,0.05490151515151511,31,0.012,43.65,-79.39,54
75,43.65,-79.38,0.518308176100629,0.039773584905660346,441,0.0126896551724137,43.65,-79.38,84
76,43.65,-79.37,0.48148051948051956,0.033733766233766206,241,0.0105833333333333,43.65,-79.37,76
77,43.65,-79.36,0.49309599999999987,0.04193599999999997,105,0.0096428571428571,43.65,-79.36,49
78,43.65,-79.35,0.5823596491228071,0.06771052631578944,273,0.0109166666666666,43.65,-79.35,20
79,43.65,-79.34,0.6891411764705886,0.042952941176470576,867,0.0222,43.65,-79.34,33
80,43.65,-79.33,0.7567945205479452,0.048178082191780824,430,0.0281111111111111,43.65,-79.33,13
81,43.65,-79.32,0.8810714285714285,0.09638095238095239,184,0.0816,43.65,-79.32,2
82,43.66,-79.59,0.52075,0.04225,73,0.004,43.66,-79.59,3
83,43.66,-79.58,0.42023529411764704,0.05194117647058822,3,0.001,43.66,-79.58,8
84,43.66,-79.57,0.4426666666666666,0.03393827160493826,157,0.0022222222222222,43.66,-79.57,3
85,43.66,-79.51,0.6466774193548387,0.0760322580645161,167,0.153,43.66,-79.51,6
86,43.66,-79.5,0.6149800000000003,0.06127999999999998,169,0.045,43.66,-79.5,1
87,43.66,-79.49,0.4890853658536583,0.049999999999999975,113,0.0236666666666666,43.66,-79.49,17
88,43.66,-79.48,0.6368734177215191,0.04424050632911388,22,0.01725,43.66,-79.48,12
89,43.66,-79.47,0.6607580645161293,0.04701612903225806,3,0.009,43.66,-79.47,5
90,43.66,-79.46,0.6592474226804124,0.04230927835051543,77,0.0143333333333333,43.66,-79.46,21
91,43.66,-79.45,0.6879425287356322,0.05770114942528734,16,0.0067499999999999,43.66,-79.45,13
92,43.66,-79.44,0.7444553571428575,0.048830357142857155,36,0.01,43.66,-79.44,17
93,43.66,-79.43,0.6087733333333334,0.035239999999999994,56,0.0093333333333333,43.66,-79.43,24
94,43.66,-79.42,0.6663565217391305,0.04126956521739127,7,0.0095,43.66,-79.42,16
95,43.66,-79.41,0.6885700000000005,0.05268,20,0.00775,43.66,-79.41,26
96,43.66,-79.4,0.6120521739130438,0.03815652173913041,37,0.0205,43.66,-79.4,29
97,43.66,-79.39,0.5319795918367347,0.03703061224489795,50,0.0103999999999999,43.66,-79.39,16
98,43.66,-79.38,0.6514666666666666,0.04061818181818181,135,0.0208125,43.66,-79.38,38
99,43.66,-79.37,0.6366716417910447,0.06120149253731344,89,0.0193,43.66,-79.37,43
100,43.66,-79.36,0.6407701149425288,0.056689655172413776,16,0.018,43.66,-79.36,23
101,43.66,-79.35,0.45969565217391284,0.03941304347826084,56,0.00575,43.66,-79.35,32
102,43.66,-79.34,0.5391512605042015,0.03305042016806722,15,0.0073333333333333,43.66,-79.34,20
103,43.66,-79.33,0.6675894736842104,0.043063157894736845,6,0.0045,43.66,-79.33,20
104,43.66,-79.32,0.6204358974358973,0.034884615384615354,10,0.0075,43.66,-79.32,9
105,43.66,-79.31,0.5680246913580247,0.04334567901234568,46,0.0214,43.66,-79.31,16
106,43.66,-79.3,0.5885777777777779,0.03482222222222221,17,0.01,43.66,-79.3,8
107,43.67,-79.59,0.5325454545454544,0.02265454545454545,80,0.006,43.67,-79.59,5
108,43.67,-79.57,0.73596,0.01952,191,0.0034666666666666,43.67,-79.57,1
109,43.67,-79.56,0.4952318840579711,0.04614492753623186,61,0.0108,43.67,-79.56,10
110,43.67,-79.55,0.4968307692307692,0.059107692307692285,37,0.011,43.67,-79.55,10
111,43.67,-79.54,0.33834328358208954,0.039208955223880584,3,0.003,43.67,-79.54,2
112,43.67,-79.49,0.5508571428571429,0.0587142857142857,88,0.0245714285714285,43.67,-79.49,16
113,43.67,-79.47,0.48989010989010995,0.044999999999999984,65,0.0168571428571428,43.67,-79.47,13
114,43.67,-79.46,0.562576923076923,0.06498717948717947,83,0.0128571428571428,43.67,-79.46,24
115,43.67,-79.45,0.7344186046511628,0.05841860465116279,26,0.0445,43.67,-79.45,21
116,43.67,-79.44,0.602836956521739,0.046445652173913034,119,0.0252222222222222,43.67,-79.44,28
117,43.67,-79.43,0.71623595505618,0.04306741573033705,21,0.00725,43.67,-79.43,17
118,43.67,-79.42,0.5980581395348836,0.04331395348837208,18,0.0124,43.67,-79.42,21
119,43.67,-79.41,0.6463936170212767,0.04993617021276593,53,0.0091428571428571,43.67,-79.41,18
120,43.67,-79.4,0.5941562499999998,0.05186458333333333,21,0.0076,43.67,-79.4,18
121,43.67,-79.39,0.5349767441860466,0.0438062015503876,90,0.0138,43.67,-79.39,28
122,43.67,-79.38,0.48388188976377955,0.03519685039370077,113,0.0107142857142857,43.67,-79.38,29
123,43.67,-79.37,0.5233626373626374,0.03786813186813184,66,0.00825,43.67,-79.37,13
124,43.67,-79.36,0.5546086956521739,0.04498550724637679,121,0.008625,43.67,-79.36,21
125,43.67,-79.35,0.4317469879518072,0.05363855421686746,46,0.0073333333333333,43.67,-79.35,20
126,43.67,-79.34,0.5583863636363637,0.04909090909090903,26,0.0145999999999999,43.67,-79.34,21
127,43.67,-79.32,0.581753086419753,0.06127160493827157,3,0.009,43.67,-79.32,13
128,43.67,-79.31,0.53775,0.05090789473684211,15,0.013,43.67,-79.31,6
129,43.67,-79.3,0.5804395604395606,0.058670329670329625,25,0.015,43.67,-79.3,12
130,43.67,-79.29,0.41353124999999996,0.05778124999999998,6,0.006,43.67,-79.29,6
131,43.68,-79.59,0.5947865168539321,0.06517977528089888,35,0.004,43.68,-79.59,10
132,43.68,-79.58,0.5963191489361702,0.08671276595744683,30,0.0195,43.68,-79.58,7
133,43.68,-79.55,0.46644776119402975,0.04176119402985073,5,0.008,43.68,-79.55,5
134,43.68,-79.54,0.38020000000000004,0.05309999999999998,9,0.01,43.68,-79.54,10
135,43.68,-79.53,0.3887999999999999,0.029099999999999984,22,0.0104999999999999,43.68,-79.53,3
136,43.68,-79.52,0.5340759493670884,0.055518987341772144,6,0.005,43.68,-79.52,9
137,43.68,-79.51,0.563258064516129,0.08352688172043012,32,0.012,43.68,-79.51,13
138,43.68,-79.5,0.5382888888888889,0.05373333333333333,37,0.0465,43.68,-79.5,4
139,43.68,-79.49,0.5397460317460318,0.056349206349206336,79,0.02125,43.68,-79.49,15
140,43.68,-79.48,0.5037849462365592,0.051655913978494616,131,0.0275555555555555,43.68,-79.48,20
141,43.68,-79.47,0.577855421686747,0.0807590361445783,45,0.0106,43.68,-79.47,29
142,43.68,-79.46,0.518896551724138,0.08587356321839076,3,0.005,43.68,-79.46,18
143,43.68,-79.44,0.6854819277108432,0.06336144578313253,176,0.0682,43.68,-79.44,20
144,43.68,-79.42,0.6893300970873786,0.043398058252427166,31,0.0136666666666666,43.68,-79.42,15
145,43.68,-79.41,0.5624112149532712,0.06428971962616824,54,0.0113333333333333,43.68,-79.41,13
146,43.68,-79.4,0.5437857142857142,0.052702380952380924,41,0.0135,43.68,-79.4,7
147,43.68,-79.39,0.6150080645161292,0.04708870967741932,66,0.0118999999999999,43.68,-79.39,18
148,43.68,-79.36,0.4782727272727273,0.03949090909090907,205,0.0056363636363636,43.68,-79.36,14
149,43.68,-79.35,0.5006197183098592,0.06615492957746477,4,0.009,43.68,-79.35,10
150,43.68,-79.34,0.5020408163265306,0.06621428571428573,7,0.025,43.68,-79.34,14
151,43.68,-79.33,0.4588541666666666,0.06398958333333334,3,0.004,43.68,-79.33,12
152,43.68,-79.31,0.41191666666666676,0.07179166666666668,32,0.01025,43.68,-79.31,20
153,43.68,-79.3,0.4476097560975611,0.07606097560975607,53,0.02325,43.68,-79.3,19
154,43.68,-79.29,0.5077088607594937,0.0630126582278481,22,0.098,43.68,-79.29,7
155,43.68,-79.28,0.5119175257731958,0.04786597938144329,9,0.0083333333333333,43.68,-79.28,13
156,43.68,-79.27,0.5353389830508475,0.04035593220338983,9,0.0075,43.68,-79.27,8
157,43.69,-79.59,0.5925438596491228,0.07314035087719296,79,0.01075,43.69,-79.59,1
158,43.69,-79.58,0.6357032967032967,0.05567032967032966,27,0.00575,43.69,-79.58,4
159,43.69,-79.57,0.5066625,0.04453749999999999,424,0.0215,43.69,-79.57,15
160,43.69,-79.56,0.5677211538461537,0.035288461538461526,1241,0.0075333333333333,43.69,-79.56,3
161,43.69,-79.55,0.5175000000000002,0.06727272727272726,14,0.013,43.69,-79.55,9
162,43.69,-79.54,0.5089670329670332,0.06254945054945055,115,0.0292,43.69,-79.54,12
163,43.69,-79.53,0.5251447368421053,0.05257894736842104,3,0.006,43.69,-79.53,7
164,43.69,-79.52,0.5190285714285713,0.06307142857142854,4,0.009,43.69,-79.52,5
165,43.69,-79.51,0.5341944444444443,0.044694444444444446,68,0.196,43.69,-79.51,7
166,43.69,-79.5,0.4421411764705883,0.06282352941176468,41,0.022,43.69,-79.5,13
167,43.69,-79.48,0.5843181818181818,0.05893939393939393,32,0.0062,43.69,-79.48,11
168,43.69,-79.47,0.6096914893617023,0.05909574468085104,102,0.0153846153846153,43.69,-79.47,14
169,43.69,-79.46,0.678701030927835,0.07880412371134018,107,0.027,43.69,-79.46,16
170,43.69,-79.45,0.6518085106382978,0.07177659574468086,33,0.0106666666666666,43.69,-79.45,13
171,43.69,-79.44,0.674105263157895,0.0545578947368421,141,0.0327142857142857,43.69,-79.44,24
172,43.69,-79.43,0.6377123287671235,0.07458904109589044,145,0.017,43.69,-79.43,11
173,43.69,-79.42,0.5262560975609756,0.06719512195121953,14,0.0155,43.69,-79.42,10
174,43.69,-79.4,0.4731195652173912,0.04657608695652173,66,0.0206666666666666,43.69,-79.4,9
175,43.69,-79.39,0.4607777777777776,0.05748148148148145,9,0.0106666666666666,43.69,-79.39,13
176,43.69,-79.38,0.5378023255813956,0.055058139534883685,7,0.0055,43.69,-79.38,9
177,43.69,-79.37,0.41001587301587294,0.05842857142857141,9,0.008,43.69,-79.37,5
178,43.69,-79.36,0.4168809523809524,0.05414285714285713,3,0.001,43.69,-79.36,3
179,43.69,-79.35,0.46385714285714286,0.047244897959183636,77,0.00725,43.69,-79.35,9
180,43.69,-79.34,0.42228571428571415,0.05098979591836734,115,0.0068999999999999,43.69,-79.34,13
181,43.69,-79.33,0.3952439024390245,0.046231707317073156,69,0.01525,43.69,-79.33,6
182,43.69,-79.32,0.45665217391304347,0.04624999999999997,57,0.0186666666666666,43.69,-79.32,12
183,43.69,-79.31,0.5549791666666668,0.059333333333333314,3,0.004,43.69,-79.31,11
184,43.69,-79.29,0.5049615384615384,0.06847435897435897,11,0.0113333333333333,43.69,-79.29,10
185,43.69,-79.28,0.4505555555555556,0.09205555555555554,32,0.0543333333333333,43.69,-79.28,13
186,43.69,-79.27,0.43243529411764703,0.06242352941176468,82,0.0703333333333333,43.69,-79.27,7
187,43.69,-79.26,0.4827014925373134,0.054119402985074595,28,0.073,43.69,-79.26,6
188,43.7,-79.59,0.6102241379310347,0.06329310344827586,149,0.0675,43.7,-79.59,2
189,43.7,-79.58,0.5915729166666668,0.050697916666666676,25,0.0685,43.7,-79.58,1
190,43.7,-79.57,0.6242289156626504,0.06779518072289158,638,0.1355,43.7,-79.57,7
191,43.7,-79.56,0.5821176470588234,0.043635294117647036,486,0.0223076923076923,43.7,-79.56,8
192,43.7,-79.55,0.5656410256410256,0.05080769230769228,1799,0.0085263157894736,43.7,-79.55,5
193,43.7,-79.54,0.5156875000000001,0.0528125,125,0.1215,43.7,-79.54,1
194,43.7,-79.53,0.6403023255813954,0.04923255813953487,74,0.032,43.7,-79.53,6
195,43.7,-79.52,0.5384259259259259,0.0684074074074074,7,0.018,43.7,-79.52,5
196,43.7,-79.51,0.6487710843373493,0.05450602409638553,24,0.025,43.7,-79.51,11
197,43.7,-79.5,0.5389047619047619,0.07364285714285715,85,0.0252857142857142,43.7,-79.5,19
198,43.7,-79.49,0.5208208955223879,0.06305970149253735,113,0.0158571428571428,43.7,-79.49,11
199,43.7,-79.48,0.6176249999999999,0.06448611111111109,50,0.016,43.7,-79.48,6
200,43.7,-79.47,0.6139325842696628,0.07194382022471908,134,0.0415,43.7,-79.47,12
201,43.7,-79.46,0.6381764705882352,0.09426470588235294,9,0.0203333333333333,43.7,-79.46,2
202,43.7,-79.45,0.6368315789473685,0.08369473684210524,192,0.0355714285714285,43.7,-79.45,10
203,43.7,-79.44,0.5756477272727272,0.0725681818181818,7,0.028,43.7,-79.44,6
204,43.7,-79.43,0.48427956989247317,0.061913978494623635,22,0.0078,43.7,-79.43,6
205,43.7,-79.42,0.6207032967032967,0.05712087912087912,89,0.024,43.7,-79.42,23
206,43.7,-79.41,0.6297254901960784,0.05755882352941176,130,0.0394285714285714,43.7,-79.41,11
207,43.7,-79.4,0.5435052631578947,0.06281052631578943,68,0.0126666666666666,43.7,-79.4,14
208,43.7,-79.39,0.6442977099236641,0.053251908396946546,94,0.0144615384615384,43.7,-79.39,20
209,43.7,-79.38,0.6984186046511627,0.04809302325581393,16,0.0085,43.7,-79.38,9
210,43.7,-79.37,0.5765612244897957,0.050806122448979564,11,0.0086666666666666,43.7,-79.37,7
211,43.7,-79.36,0.45330681818181806,0.051420454545454526,33,0.0214,43.7,-79.36,7
212,43.7,-79.35,0.6951323529411764,0.09129411764705882,53,0.1304,43.7,-79.35,5
213,43.7,-79.34,0.5023037974683544,0.0576835443037975,9,0.0056666666666666,43.7,-79.34,8
214,43.7,-79.33,0.5386956521739129,0.02152173913043479,64,0.0032857142857142,43.7,-79.33,12
215,43.7,-79.31,0.5555263157894738,0.05563157894736842,25,0.0064,43.7,-79.31,6
216,43.7,-79.29,0.40478205128205114,0.07097435897435896,53,0.043,43.7,-79.29,10
217,43.7,-79.26,0.7193125,0.08451249999999998,13,0.014,43.7,-79.26,8
218,43.71,-79.6,0.5469333333333334,0.04126666666666667,164,0.0345,43.71,-79.6,7
219,43.71,-79.59,0.6496627906976742,0.04918604651162789,25,0.0087999999999999,43.71,-79.59,7
220,43.71,-79.58,0.6148536585365855,0.06740243902439023,231,0.1980999999999999,43.71,-79.58,7
221,43.71,-79.57,0.5993048780487803,0.09725609756097563,44,0.0306666666666666,43.71,-79.57,2
222,43.71,-79.56,0.5301478260869567,0.07854782608695647,133,0.01,43.71,-79.56,6
223,43.71,-79.55,0.6262531645569621,0.05262025316455693,1118,0.0336,43.71,-79.55,11
224,43.71,-79.54,0.529348484848485,0.0322272727272727,1078,0.0244999999999999,43.71,-79.54,1
225,43.71,-79.53,0.5330842105263157,0.05311578947368419,6029,0.0214285714285714,43.71,-79.53,13
226,43.71,-79.52,0.6348167938931297,0.045633587786259575,2611,0.0220555555555555,43.71,-79.52,5
227,43.71,-79.51,0.6393260869565216,0.032652173913043446,480,0.0047692307692307,43.71,-79.51,5
228,43.71,-79.5,0.5882293577981652,0.0533577981651376,677,0.008,43.71,-79.5,10
229,43.71,-79.48,0.7482083333333334,0.07634722222222219,36,0.031,43.71,-79.48,1
230,43.71,-79.47,0.7731166666666667,0.06363333333333332,35,0.009,43.71,-79.47,5
231,43.71,-79.46,0.6436025641025639,0.07043589743589743,166,0.0376,43.71,-79.46,3
232,43.71,-79.45,0.5687830188679243,0.07841509433962265,66,0.00975,43.71,-79.45,7
233,43.71,-79.44,0.5608380952380952,0.06387619047619048,159,0.0183333333333333,43.71,-79.44,17
234,43.71,-79.43,0.5132674418604651,0.06370930232558138,288,0.0278,43.71,-79.43,8
235,43.71,-79.42,0.4950625,0.056937499999999995,10,0.011,43.71,-79.42,13
236,43.71,-79.41,0.6389868421052632,0.04892105263157893,26,0.00875,43.71,-79.41,10
237,43.71,-79.4,0.5432873563218392,0.05285057471264364,20,0.0155,43.71,-79.4,4
238,43.71,-79.39,0.5757634408602151,0.04251612903225804,9,0.0116666666666666,43.71,-79.39,12
239,43.71,-79.37,0.5332317073170733,0.05820731707317073,132,0.0214545454545454,43.71,-79.37,10
240,43.71,-79.36,0.5053592233009708,0.04964077669902911,68,0.0321666666666666,43.71,-79.36,9
241,43.71,-79.35,0.59646875,0.05579687499999999,146,0.0388,43.71,-79.35,9
242,43.71,-79.33,0.5298974358974358,0.06417948717948715,78,0.0246666666666666,43.71,-79.33,13
243,43.71,-79.32,0.6352115384615384,0.051115384615384604,9,0.0015,43.71,-79.32,7
244,43.71,-79.3,0.4898854166666667,0.08576041666666666,21,0.0349999999999999,43.71,-79.3,13
245,43.71,-79.29,0.5219999999999999,0.07833734939759035,35,0.0203333333333333,43.71,-79.29,9
246,43.71,-79.28,0.49950515463917533,0.08604123711340203,7,0.015,43.71,-79.28,15
247,43.71,-79.27,0.43204166666666666,0.07215277777777777,60,0.041,43.71,-79.27,4
248,43.71,-79.26,0.700337662337662,0.05389610389610388,21,0.0105,43.71,-79.26,11
249,43.71,-79.25,0.6784745762711865,0.08133898305084743,12,0.0163333333333333,43.71,-79.25,9
250,43.71,-79.24,0.6722794117647058,0.13345588235294115,9,0.0073333333333333,43.71,-79.24,8
251,43.72,-79.62,0.5303823529411765,0.0231764705882353,3,0.001,43.72,-79.62,1
252,43.72,-79.61,0.6633061224489795,0.050897959183673486,3,0.005,43.72,-79.61,4
253,43.72,-79.6,0.47885365853658546,0.07556097560975608,30,0.0186666666666666,43.72,-79.6,2
254,43.72,-79.59,0.44377966101694905,0.036661016949152525,6,0.016,43.72,-79.59,4
255,43.72,-79.56,0.4596081081081079,0.05871621621621621,3,0.006,43.72,-79.56,3
256,43.72,-79.55,0.5372549019607842,0.04392156862745096,25,0.0129999999999999,43.72,-79.55,7
257,43.72,-79.54,0.5790666666666666,0.08570000000000001,4,0.007,43.72,-79.54,2
258,43.72,-79.53,0.6326727272727272,0.05625454545454544,401,0.0465714285714285,43.72,-79.53,2
259,43.72,-79.52,0.5695283018867927,0.05666037735849054,548,0.007,43.72,-79.52,1
260,43.72,-79.51,0.6031058823529413,0.0596941176470588,8,0.0085,43.72,-79.51,3
261,43.72,-79.5,0.5718571428571431,0.048602040816326506,171,0.0573333333333333,43.72,-79.5,11
262,43.72,-79.49,0.5214545454545454,0.05280303030303028,3048,0.0263333333333333,43.72,-79.49,11
263,43.72,-79.48,0.5104416666666668,0.06303333333333334,708,0.0097777777777777,43.72,-79.48,13
264,43.72,-79.47,0.5558351648351646,0.07142857142857144,402,0.0035555555555555,43.72,-79.47,5
265,43.72,-79.46,0.567080459770115,0.05211494252873564,213,0.0034999999999999,43.72,-79.46,1
266,43.72,-79.45,0.543191489361702,0.06027659574468083,1052,0.0123333333333333,43.72,-79.45,10
267,43.72,-79.44,0.6356666666666667,0.05788095238095236,183,0.0213333333333333,43.72,-79.44,2
268,43.72,-79.43,0.5436086956521738,0.06394565217391304,68,0.0299999999999999,43.72,-79.43,11
269,43.72,-79.42,0.514375,0.06020000000000001,16,0.0215,43.72,-79.42,3
270,43.72,-79.41,0.49205376344086027,0.055795698924731164,68,0.0156,43.72,-79.41,17
271,43.72,-79.4,0.5499999999999998,0.06420408163265307,37,0.0126,43.72,-79.4,8
272,43.72,-79.39,0.4950281690140845,0.07918309859154925,7,0.008,43.72,-79.39,4
273,43.72,-79.38,0.4536419753086419,0.05425925925925923,117,0.048,43.72,-79.38,1
274,43.72,-79.35,0.5818,0.034600000000000006,3,0.005,43.72,-79.35,1
275,43.72,-79.34,0.5491492537313432,0.08586567164179103,90,0.055,43.72,-79.34,6
276,43.72,-79.33,0.47970786516853925,0.041865168539325814,143,0.0091,43.72,-79.33,15
277,43.72,-79.32,0.6782037037037035,0.06883333333333333,431,0.054,43.72,-79.32,5
278,43.72,-79.31,0.5151951219512197,0.05523170731707315,141,0.0199999999999999,43.72,-79.31,8
279,43.72,-79.3,0.5470117647058822,0.07443529411764702,165,0.0255555555555555,43.72,-79.3,26
280,43.72,-79.29,0.5333663366336634,0.07708910891089109,128,0.0713,43.72,-79.29,12
281,43.72,-79.28,0.590945054945055,0.08204395604395602,198,0.0378333333333333,43.72,-79.28,9
282,43.72,-79.27,0.6106461538461536,0.08572307692307692,4,0.01,43.72,-79.27,4
283,43.72,-79.26,0.8971076923076922,0.09672307692307691,62,0.223,43.72,-79.26,11
284,43.72,-79.25,0.7378915662650603,0.09027710843373495,37,0.02375,43.72,-79.25,8
285,43.72,-79.24,0.6000781250000002,0.09290625,8,0.028,43.72,-79.24,8
286,43.72,-79.23,0.5198064516129032,0.07902150537634407,20,0.01125,43.72,-79.23,6
287,43.73,-79.62,0.595820895522388,0.03753731343283582,153,0.014,43.73,-79.62,1
288,43.73,-79.61,0.7536222222222223,0.0685,84,0.0244999999999999,43.73,-79.61,6
289,43.73,-79.6,0.5679142857142857,0.060600000000000015,123,0.0207142857142857,43.73,-79.6,21
290,43.73,-79.59,0.5495061728395059,0.0542839506172839,16,0.013,43.73,-79.59,10
291,43.73,-79.56,0.538078125,0.06834374999999997,42,0.0258333333333333,43.73,-79.56,12
292,43.73,-79.53,0.5292820512820512,0.054423076923076914,222,0.0215333333333333,43.73,-79.53,7
293,43.73,-79.52,0.49515384615384606,0.04532307692307691,297,0.0182307692307692,43.73,-79.52,2
294,43.73,-79.51,0.69925,0.06631250000000001,19,0.0293333333333333,43.73,-79.51,11
295,43.73,-79.48,0.5174358974358975,0.08719230769230765,165,0.04175,43.73,-79.48,7
296,43.73,-79.45,0.5489722222222224,0.04902777777777777,236,0.0087692307692307,43.73,-79.45,8
297,43.73,-79.44,0.6221388888888888,0.04270370370370368,468,0.0037272727272727,43.73,-79.44,9
298,43.73,-79.43,0.547272,0.05052799999999999,2982,0.0205294117647058,43.73,-79.43,10
299,43.73,-79.42,0.5894468085106385,0.050851063829787206,104,0.0155,43.73,-79.42,6
300,43.73,-79.41,0.5875326086956523,0.05501086956521737,9,0.008,43.73,-79.41,3
301,43.73,-79.4,0.52894,0.05436999999999996,53,0.0138333333333333,43.73,-79.4,4
302,43.73,-79.38,0.5028387096774194,0.04348387096774194,6,0.006,43.73,-79.38,4
303,43.73,-79.35,0.5796093750000002,0.057078125,8,0.0095,43.73,-79.35,7
304,43.73,-79.34,0.4858207547169812,0.06976415094339618,110,0.0228333333333333,43.73,-79.34,11
305,43.73,-79.33,0.3932388059701493,0.05425373134328357,316,0.0185555555555555,43.73,-79.33,2
306,43.73,-79.3,0.48734482758620695,0.041775862068965504,207,0.0874,43.73,-79.3,7
307,43.73,-79.29,0.5600566037735848,0.07960377358490565,119,0.076,43.73,-79.29,4
308,43.73,-79.28,0.5076202531645572,0.07536708860759492,20,0.014,43.73,-79.28,3
309,43.73,-79.27,0.535942857142857,0.08734285714285712,75,0.04975,43.73,-79.27,9
310,43.73,-79.26,0.581168539325843,0.05976404494382019,50,0.0308,43.73,-79.26,13
311,43.73,-79.25,0.6128000000000001,0.07837333333333332,33,0.061,43.73,-79.25,25
312,43.73,-79.24,0.8825072463768119,0.06802898550724637,49,0.0254,43.73,-79.24,21
313,43.73,-79.22,0.631450980392157,0.05286274509803921,24,0.049,43.73,-79.22,4
314,43.73,-79.21,0.4223421052631579,0.10657894736842102,11,0.0055,43.73,-79.21,4
315,43.74,-79.63,0.7857647058823529,0.0452941176470588,81,0.0075,43.74,-79.63,3
316,43.74,-79.62,0.5447343749999999,0.06354687499999999,105,0.1128333333333333,43.74,-79.62,2
317,43.74,-79.61,0.633125,0.06214772727272726,3,0.006,43.74,-79.61,6
318,43.74,-79.6,0.6053571428571428,0.079734693877551,52,0.02,43.74,-79.6,8
319,43.74,-79.59,0.5601772151898736,0.06053164556962022,20,0.0289999999999999,43.74,-79.59,12
320,43.74,-79.58,0.5254421052631578,0.08460000000000001,37,0.0166666666666666,43.74,-79.58,23
321,43.74,-79.56,0.6468163265306123,0.0497142857142857,84,0.0208888888888888,43.74,-79.56,14
322,43.74,-79.55,0.4873859649122807,0.0615438596491228,7,0.0075,43.74,-79.55,6
323,43.74,-79.54,0.5572291666666667,0.05406249999999998,243,0.0801666666666666,43.74,-79.54,1
324,43.74,-79.51,0.6249878048780487,0.0953780487804878,46,0.039,43.74,-79.51,9
325,43.74,-79.5,0.445265060240964,0.08638554216867468,10,0.047,43.74,-79.5,6
326,43.74,-79.48,0.5763174603174602,0.0643015873015873,249,0.0379999999999999,43.74,-79.48,13
327,43.74,-79.46,0.643,0.06142857142857143,39,0.029,43.74,-79.46,3
328,43.74,-79.45,0.5374444444444444,0.05814285714285713,37,0.0095,43.74,-79.45,4
329,43.74,-79.43,0.6025499999999997,0.060462499999999995,6,0.0185,43.74,-79.43,2
330,43.74,-79.41,0.5604893617021278,0.019638297872340435,800,0.0074545454545454,43.74,-79.41,1
331,43.74,-79.4,0.5464264705882352,0.06774999999999999,40,0.0121999999999999,43.74,-79.4,14
332,43.74,-79.38,0.5699791666666668,0.057187499999999995,22,0.01,43.74,-79.38,2
333,43.74,-79.34,0.47043037974683555,0.08951898734177215,3,0.015,43.74,-79.34,3
334,43.74,-79.33,0.38900000000000007,0.05371052631578946,269,0.0077777777777777,43.74,-79.33,7
335,43.74,-79.32,0.5217413793103447,0.04598275862068964,63,0.0142857142857142,43.74,-79.32,4
336,43.74,-79.31,0.6077872340425533,0.06632978723404252,60,0.0102,43.74,-79.31,11
337,43.74,-79.3,0.5811111111111111,0.07031746031746029,105,0.0125555555555555,43.74,-79.3,16
338,43.74,-79.29,0.5085205479452054,0.04857534246575341,128,0.0188333333333333,43.74,-79.29,14
339,43.74,-79.28,0.528,0.057913043478260845,33,0.0098333333333333,43.74,-79.28,7
340,43.74,-79.27,0.610872340425532,0.08459574468085103,31,0.0557499999999999,43.74,-79.27,10
341,43.74,-79.25,0.42882758620689654,0.061068965517241384,12,0.0186666666666666,43.74,-79.25,4
342,43.74,-79.24,0.416551724137931,0.0798103448275862,3,0.005,43.74,-79.24,10
343,43.74,-79.23,0.3989032258064517,0.07832258064516127,3,0.009,43.74,-79.23,8
344,43.74,-79.21,0.554,0.0991333333333333,9,0.0073333333333333,43.74,-79.21,13
345,43.75,-79.63,0.7989047619047618,0.03552380952380953,200,0.0301666666666666,43.75,-79.63,3
346,43.75,-79.62,0.6021428571428571,0.05254285714285712,6,0.0135,43.75,-79.62,2
347,43.75,-79.61,0.5413720930232558,0.05379069767441861,205,0.0505,43.75,-79.61,8
348,43.75,-79.6,0.5705964912280702,0.07749122807017544,37,0.0305,43.75,-79.6,6
349,43.75,-79.57,0.6510789473684211,0.047105263157894726,19,0.048,43.75,-79.57,2
350,43.75,-79.56,0.5468723404255316,0.04235106382978723,13,0.125,43.75,-79.56,5
351,43.75,-79.55,0.7997866666666665,0.06947999999999999,4,0.008,43.75,-79.55,5
352,43.75,-79.54,0.8184565217391302,0.07977173913043475,306,0.040625,43.75,-79.54,16
353,43.75,-79.53,0.5837619047619048,0.04717857142857142,468,0.0188333333333333,43.75,-79.53,8
354,43.75,-79.52,0.5745783132530119,0.06978313253012047,183,0.0131,43.75,-79.52,10
355,43.75,-79.51,0.5721199999999999,0.09365333333333335,95,0.0232857142857142,43.75,-79.51,20
356,43.75,-79.5,0.605265306122449,0.08328571428571428,7,0.0275,43.75,-79.5,5
357,43.75,-79.48,0.6268421052631576,0.09372631578947367,91,0.0235,43.75,-79.48,8
358,43.75,-79.46,0.6336170212765956,0.07674468085106381,135,0.0124285714285714,43.75,-79.46,8
359,43.75,-79.45,0.5474757281553401,0.057796116504854375,12,0.025,43.75,-79.45,12
360,43.75,-79.44,0.6778414634146341,0.061548780487804884,30,0.039,43.75,-79.44,7
361,43.75,-79.43,0.5764833333333333,0.05693333333333332,17,0.0105,43.75,-79.43,17
362,43.75,-79.42,0.42683720930232566,0.07590697674418605,5,0.008,43.75,-79.42,5
363,43.75,-79.41,0.45881159420289847,0.09926086956521737,640,0.0135,43.75,-79.41,6
364,43.75,-79.4,0.4716435643564357,0.05662376237623761,536,0.0038333333333333,43.75,-79.4,7
365,43.75,-79.38,0.5462833333333333,0.04681666666666666,26,0.0235,43.75,-79.38,2
366,43.75,-79.36,0.4922471910112359,0.0790674157303371,55,0.02325,43.75,-79.36,2
367,43.75,-79.35,0.6407972972972973,0.10816216216216218,6,0.005,43.75,-79.35,6
368,43.75,-79.34,0.5607142857142856,0.061125000000000006,26,0.0173333333333333,43.75,-79.34,7
369,43.75,-79.33,0.4584556962025316,0.05441772151898732,198,0.007090909090909,43.75,-79.33,2
370,43.75,-79.31,0.5011785714285715,0.07119047619047615,129,0.0344285714285714,43.75,-79.31,18
371,43.75,-79.3,0.40343999999999985,0.07697999999999999,12,0.0115,43.75,-79.3,8
372,43.75,-79.29,0.526121212121212,0.05669696969696968,81,0.07625,43.75,-79.29,5
373,43.75,-79.28,0.426463768115942,0.06689855072463767,3,0.004,43.75,-79.28,3
374,43.75,-79.27,0.5649175257731961,0.07970103092783504,77,0.0101428571428571,43.75,-79.27,2
375,43.75,-79.26,0.6246842105263155,0.0876973684210526,71,0.0234285714285714,43.75,-79.26,11
376,43.75,-79.25,0.4988695652173913,0.07050724637681158,18,0.0476666666666666,43.75,-79.25,9
377,43.75,-79.24,0.4814109589041098,0.06072602739726027,58,0.0204999999999999,43.75,-79.24,17
378,43.75,-79.23,0.5214307692307693,0.08590769230769228,3,0.049,43.75,-79.23,6
379,43.75,-79.21,0.8129999999999998,0.05876190476190474,6,0.053,43.75,-79.21,3
380,43.75,-79.19,0.49986538461538454,0.06778846153846153,39,0.029,43.75,-79.19,4
381,43.76,-79.59,0.5268888888888887,0.15155555555555555,18,0.0115,43.76,-79.59,1
382,43.76,-79.57,0.4983636363636365,0.050090909090909075,23,0.0136666666666666,43.76,-79.57,8
383,43.76,-79.56,0.6899038461538463,0.04724999999999998,57,0.0171666666666666,43.76,-79.56,2
384,43.76,-79.55,0.7370222222222224,0.05816666666666666,38,0.0338333333333333,43.76,-79.55,3
385,43.76,-79.54,0.6355172413793102,0.0537471264367816,43,0.016,43.76,-79.54,2
386,43.76,-79.52,0.4462777777777778,0.08014814814814815,83,0.237,43.76,-79.52,6
387,43.76,-79.5,0.5177222222222221,0.1182083333333333,6,0.009,43.76,-79.5,4
388,43.76,-79.49,0.5643513513513511,0.0819459459459459,91,0.0169999999999999,43.76,-79.49,18
389,43.76,-79.48,0.5901084337349399,0.06396385542168674,160,0.0474444444444444,43.76,-79.48,5
390,43.76,-79.47,0.5504470588235292,0.07169411764705885,35,0.018,43.76,-79.47,2
391,43.76,-79.46,0.5869310344827586,0.0498448275862069,335,0.0395555555555555,43.76,-79.46,14
392,43.76,-79.44,0.48414285714285704,0.06031428571428572,20,0.0494999999999999,43.76,-79.44,3
393,43.76,-79.41,0.535,0.06203571428571429,112,0.0144444444444444,43.76,-79.41,20
394,43.76,-79.4,0.47628723404255313,0.08921276595744679,59,0.0533333333333333,43.76,-79.4,6
395,43.76,-79.39,0.4242209302325582,0.07429069767441858,173,0.0084999999999999,43.76,-79.39,1
396,43.76,-79.38,0.4944285714285712,0.04745918367346938,1378,0.0090555555555555,43.76,-79.38,15
397,43.76,-79.37,0.48837878787878786,0.048454545454545424,984,0.0094545454545454,43.76,-79.37,2
398,43.76,-79.36,0.5432911392405063,0.05679746835443038,5720,0.0270714285714285,43.76,-79.36,6
399,43.76,-79.35,0.5264615384615385,0.048096153846153844,356,0.0042,43.76,-79.35,2
400,43.76,-79.34,0.5824719101123595,0.04385393258426963,278,0.0046428571428571,43.76,-79.34,7
401,43.76,-79.33,0.5154848484848484,0.039767676767676736,940,0.01455,43.76,-79.33,1
402,43.76,-79.32,0.5169710144927538,0.0428405797101449,185,0.0044615384615384,43.76,-79.32,5
403,43.76,-79.31,0.41351807228915666,0.05384337349397591,264,0.0051538461538461,43.76,-79.31,8
404,43.76,-79.3,0.4777682926829268,0.0706951219512195,182,0.0099999999999999,43.76,-79.3,10
405,43.76,-79.29,0.6402307692307694,0.07497802197802196,22,0.0115,43.76,-79.29,6
406,43.76,-79.28,0.5340114942528736,0.056356321839080466,163,0.0144444444444444,43.76,-79.28,20
407,43.76,-79.27,0.5781363636363634,0.07423636363636363,138,0.055,43.76,-79.27,8
408,43.76,-79.26,0.4861818181818182,0.0606181818181818,3,0.007,43.76,-79.26,1
409,43.76,-79.24,0.3811190476190476,0.07688095238095237,3,0.004,43.76,-79.24,2
410,43.76,-79.22,0.43846753246753245,0.0951818181818182,6,0.0045,43.76,-79.22,8
411,43.76,-79.19,0.5139876543209877,0.08416049382716047,21,0.0106666666666666,43.76,-79.19,8
412,43.76,-79.18,0.5525189873417721,0.08431645569620251,28,0.01,43.76,-79.18,21
413,43.76,-79.17,0.5268358208955223,0.11859701492537308,9,0.0415,43.76,-79.17,3
414,43.77,-79.54,0.5893125,0.08875,51,0.0139999999999999,43.77,-79.54,4
415,43.77,-79.53,0.5706538461538462,0.057692307692307696,126,0.0166,43.77,-79.53,3
416,43.77,-79.52,0.5308125,0.06199999999999997,35,0.0158571428571428,43.77,-79.52,11
417,43.77,-79.51,0.5431666666666666,0.10796666666666667,4,0.005,43.77,-79.51,2
418,43.77,-79.5,0.5466705882352941,0.055247058823529406,6,0.005,43.77,-79.5,4
419,43.77,-79.49,0.6534745762711865,0.050559322033898305,812,0.1193333333333333,43.77,-79.49,1
420,43.77,-79.46,0.5321111111111111,0.07727777777777775,316,0.0527142857142857,43.77,-79.46,5
421,43.77,-79.44,0.5797872340425531,0.06010638297872338,36,0.0154,43.77,-79.44,11
422,43.77,-79.43,0.5536046511627906,0.04909302325581394,97,0.1146666666666666,43.77,-79.43,5
423,43.77,-79.42,0.46709210526315764,0.08607894736842102,45,0.03275,43.77,-79.42,6
424,43.77,-79.41,0.4427338709677421,0.06582258064516125,12,0.008,43.77,-79.41,19
425,43.77,-79.39,0.4039682539682539,0.12646031746031747,3,0.005,43.77,-79.39,2
426,43.77,-79.38,0.49629310344827593,0.07022413793103449,7,0.0055,43.77,-79.38,4
427,43.77,-79.37,0.4874313725490196,0.07231372549019607,4,0.007,43.77,-79.37,5
428,43.77,-79.36,0.5428285714285715,0.07958571428571426,19,0.01575,43.77,-79.36,3
429,43.77,-79.35,0.45932727272727275,0.05387272727272724,16,0.0215,43.77,-79.35,5
430,43.77,-79.34,0.44137499999999996,0.058735294117647066,275,0.0146,43.77,-79.34,19
431,43.77,-79.33,0.5502400000000001,0.07012800000000002,66,0.008625,43.77,-79.33,7
432,43.77,-79.32,0.6006103896103894,0.06974025974025976,136,0.0365,43.77,-79.32,11
433,43.77,-79.3,0.5451232876712326,0.05476712328767122,156,0.0074166666666666,43.77,-79.3,13
434,43.77,-79.29,0.6047866666666667,0.0312133333333333,384,0.0038,43.77,-79.29,5
435,43.77,-79.28,0.6139243697478988,0.04543697478991593,1259,0.0171176470588235,43.77,-79.28,11
436,43.77,-79.27,0.5697362637362635,0.06740659340659337,348,0.0099411764705882,43.77,-79.27,6
437,43.77,-79.26,0.5201287128712873,0.07158415841584156,101,0.0105555555555555,43.77,-79.26,12
438,43.77,-79.25,0.45110655737704897,0.07583606557377054,235,0.032,43.77,-79.25,21
439,43.77,-79.23,0.574627906976744,0.06638372093023254,52,0.0197999999999999,43.77,-79.23,18
440,43.77,-79.22,0.39211320754716966,0.0640943396226415,3,0.007,43.77,-79.22,7
441,43.77,-79.21,0.3816078431372549,0.09172549019607845,3,0.012,43.77,-79.21,6
442,43.77,-79.18,0.4608970588235294,0.06555882352941177,30,0.008,43.77,-79.18,10
443,43.77,-79.17,0.6197368421052629,0.060999999999999985,6,0.021,43.77,-79.17,9
444,43.77,-79.16,0.5336829268292684,0.06797560975609757,3,0.031,43.77,-79.16,3
445,43.78,-79.49,0.7128181818181818,0.055818181818181815,209,0.025,43.78,-79.49,12
446,43.78,-79.48,0.6152692307692308,0.08084615384615382,125,0.0226666666666666,43.78,-79.48,5
447,43.78,-79.47,0.5710816326530611,0.0621020408163265,99,0.0293333333333333,43.78,-79.47,7
448,43.78,-79.46,0.47107894736842104,0.07871052631578947,34,0.0275,43.78,-79.46,3
449,43.78,-79.44,0.5008717948717949,0.08964102564102563,23,0.037,43.78,-79.44,12
450,43.78,-79.41,0.41763636363636364,0.07001298701298703,70,0.0154285714285714,43.78,-79.41,23
451,43.78,-79.4,0.45604999999999996,0.08306666666666665,8,0.016,43.78,-79.4,15
452,43.78,-79.39,0.4456181818181819,0.08892727272727273,9,0.007,43.78,-79.39,7
453,43.78,-79.37,0.45693749999999994,0.08637500000000001,8,0.027,43.78,-79.37,2
454,43.78,-79.36,0.47664912280701754,0.059245614035087706,9,0.048,43.78,-79.36,4
455,43.78,-79.34,0.46582608695652167,0.033978260869565215,401,0.0132222222222222,43.78,-79.34,3
456,43.78,-79.31,0.6343,0.03846666666666665,3,0.005,43.78,-79.31,7
457,43.78,-79.29,0.5343896103896103,0.06403896103896102,33,0.0326666666666666,43.78,-79.29,12
458,43.78,-79.28,0.5554230769230769,0.07226923076923077,54,0.0111999999999999,43.78,-79.28,15
459,43.78,-79.27,0.5518356164383561,0.06347945205479454,16,0.0096666666666666,43.78,-79.27,7
460,43.78,-79.26,0.471986842105263,0.0477236842105263,118,0.00275,43.78,-79.26,8
461,43.78,-79.25,0.4598020833333332,0.040874999999999974,272,0.0055882352941176,43.78,-79.25,13
462,43.78,-79.24,0.5436891891891891,0.0525135135135135,219,0.010090909090909,43.78,-79.24,4
463,43.78,-79.23,0.5706315789473685,0.057184210526315817,309,0.0075,43.78,-79.23,12
464,43.78,-79.22,0.47513461538461566,0.06623076923076923,44,0.0025,43.78,-79.22,1
465,43.78,-79.2,0.5040600000000002,0.08311999999999997,3,0.004,43.78,-79.2,6
466,43.78,-79.19,0.601673469387755,0.07608163265306123,98,0.04975,43.78,-79.19,1
467,43.78,-79.18,0.48978787878787877,0.0407878787878788,5,0.013,43.78,-79.18,3
468,43.78,-79.16,0.6436969696969697,0.0547272727272727,3,0.02,43.78,-79.16,7
469,43.79,-79.45,0.544375,0.041875,8,0.016,43.79,-79.45,4
470,43.79,-79.44,0.4665952380952381,0.10535714285714283,44,0.0196666666666666,43.79,-79.44,9
471,43.79,-79.42,0.4572933333333333,0.09066666666666666,76,0.02925,43.79,-79.42,18
472,43.79,-79.41,0.4090869565217391,0.06407246376811591,3,0.014,43.79,-79.41,15
473,43.79,-79.39,0.5168235294117648,0.06738235294117646,9,0.0113333333333333,43.79,-79.39,4
474,43.79,-79.36,0.5365897435897435,0.05141025641025637,41,0.0323333333333333,43.79,-79.36,6
475,43.79,-79.35,0.5994794520547946,0.07809589041095892,34,0.0228,43.79,-79.35,23
476,43.79,-79.34,0.5212444444444446,0.038833333333333324,127,0.009,43.79,-79.34,2
477,43.79,-79.33,0.46250704225352096,0.05246478873239435,20,0.0085,43.79,-79.33,11
478,43.79,-79.31,0.4791443298969073,0.07819587628865977,19,0.0145,43.79,-79.31,20
479,43.79,-79.3,0.6144444444444445,0.04966666666666665,11,0.009,43.79,-79.3,5
480,43.79,-79.29,0.5295526315789474,0.04326315789473682,69,0.0513333333333333,43.79,-79.29,5
481,43.79,-79.28,0.5441276595744678,0.054851063829787224,13,0.0485,43.79,-79.28,3
482,43.79,-79.26,0.5310333333333332,0.10470000000000002,78,0.0198,43.79,-79.26,2
483,43.79,-79.25,0.5353098591549296,0.08419718309859156,98,0.0353333333333333,43.79,-79.25,3
484,43.79,-79.24,0.5178101265822787,0.07431645569620249,35,0.009,43.79,-79.24,5
485,43.79,-79.23,0.5682666666666667,0.06689523809523808,318,0.0125,43.79,-79.23,12
486,43.79,-79.22,0.7437599999999998,0.06313333333333332,21,0.001,43.79,-79.22,5
487,43.79,-79.21,0.48518055555555545,0.027694444444444435,301,0.0128,43.79,-79.21,8
488,43.79,-79.2,0.5484886363636362,0.050840909090909076,20,0.001,43.79,-79.2,5
489,43.79,-79.19,0.512536231884058,0.03149275362318839,30,0.01275,43.79,-79.19,5
490,43.79,-79.17,0.5533968253968254,0.052539682539682525,3,0.037,43.79,-79.17,3
491,43.79,-79.15,0.5890410958904112,0.03954794520547944,16,0.0013333333333333,43.79,-79.15,1
492,43.79,-79.14,0.5158227848101267,0.054126582278481,54,0.0065714285714285,43.79,-79.14,9
493,43.8,-79.4,0.44700000000000006,0.06683333333333334,94,0.1245,43.8,-79.4,4
494,43.8,-79.39,0.3144090909090909,0.04918181818181819,6,0.007,43.8,-79.39,2
495,43.8,-79.38,0.42718749999999994,0.051812500000000004,7,0.024,43.8,-79.38,5
496,43.8,-79.37,0.40352380952380945,0.05995238095238096,9,0.044,43.8,-79.37,4
497,43.8,-79.33,0.49646511627906975,0.06555813953488372,6,0.018,43.8,-79.33,9
498,43.8,-79.32,0.5036052631578947,0.08639473684210526,5,0.009,43.8,-79.32,6
499,43.8,-79.31,0.5970754716981133,0.06113207547169812,3,0.008,43.8,-79.31,6
500,43.8,-79.3,0.5351372549019608,0.061941176470588215,9,0.047,43.8,-79.3,6
501,43.8,-79.29,0.6761123595505617,0.0636629213483146,388,0.20325,43.8,-79.29,12
502,43.8,-79.28,0.6110677966101693,0.07199999999999997,3,0.005,43.8,-79.28,13
503,43.8,-79.27,0.6452394366197184,0.08323943661971829,7,0.01,43.8,-79.27,7
504,43.8,-79.26,0.6701944444444444,0.08173611111111109,41,0.03075,43.8,-79.26,14
505,43.8,-79.24,0.668156862745098,0.041705882352941134,54,0.01725,43.8,-79.24,1
506,43.8,-79.23,0.7664929577464791,0.06354929577464787,10,0.0325,43.8,-79.23,2
507,43.8,-79.21,0.5283220338983049,0.0601186440677966,3,0.004,43.8,-79.21,5
508,43.8,-79.2,0.51275,0.048619047619047596,18,0.1585,43.8,-79.2,4
509,43.8,-79.19,0.6238658536585364,0.06540243902439023,29,0.016,43.8,-79.19,16
510,43.8,-79.18,0.4755749999999999,0.05305,27,0.085,43.8,-79.18,2
511,43.8,-79.17,0.598348484848485,0.02607575757575756,3,0.004,43.8,-79.17,11
512,43.8,-79.16,0.4898750000000002,0.040249999999999966,3,0.005,43.8,-79.16,4
513,43.8,-79.14,0.42276190476190467,0.037666666666666675,6,0.0005,43.8,-79.14,2
514,43.81,-79.36,0.6537499999999999,0.07337500000000001,85,0.0785,43.81,-79.36,5
515,43.81,-79.35,0.5297857142857143,0.05860714285714285,3,0.001,43.81,-79.35,3
516,43.81,-79.34,0.6352857142857143,0.06076785714285713,129,0.0518,43.81,-79.34,2
517,43.81,-79.33,0.5477368421052631,0.05240350877192981,3,0.011,43.81,-79.33,7
518,43.81,-79.3,0.4609433962264151,0.06215094339622639,21,0.0263333333333333,43.81,-79.3,6
519,43.81,-79.27,0.5827647058823531,0.059323529411764706,12,0.176,43.81,-79.27,8
520,43.81,-79.26,0.6565970149253731,0.09370149253731341,3,0.008,43.81,-79.26,10
521,43.81,-79.25,0.7501599999999999,0.07428,7,0.0405,43.81,-79.25,5
522,43.81,-79.24,0.6729473684210524,0.05552631578947367,78,0.0126,43.81,-79.24,8
523,43.81,-79.23,0.6206666666666665,0.05666666666666664,35,0.01975,43.81,-79.23,8
524,43.82,-79.3,0.61418,0.1045,74,0.1385,43.82,-79.3,9
525,43.82,-79.26,0.5392625,0.07483749999999999,41,0.0536,43.82,-79.26,6
526,43.82,-79.24,0.6644578313253012,0.0690120481927711,51,0.0236666666666666,43.82,-79.24,7
527,43.82,-79.22,0.496313725490196,0.04207843137254902,6,0.015,43.82,-79.22,1
528,43.83,-79.27,0.5214285714285715,0.0395,22,0.027,43.83,-79.27,5
529,43.83,-79.25,0.52828125,0.067625,30,0.016,43.83,-79.25,11
530,43.83,-79.24,0.6227441860465117,0.05809302325581392,6,0.008,43.83,-79.24,5
531,43.85,-79.18,1.0963999999999998,0.0034000000000000002,3,0.032,43.85,-79.18,1
