Latitude,Longitude,PercentOfVehicles,AvgAcceleration,PercentCar,PercentMPV,PercentLDT,PercentMDT,PercentHDT,PercentOther
43.68,-79.57,0.042,0.365,0.026,0.199,0.359,0.054,0.248,0.115
43.78,-79.36,0.057,0.367,0.011,0.406,0.314,0.087,0.09,0.092
43.79,-79.26,0.083,0.483,0.025,0.242,0.337,0.062,0.175,0.16
43.7,-79.29,0.064,0.388,0.017,0.239,0.477,0.079,0.064,0.124
43.8,-79.34,0.048,0.444,0.028,0.277,0.338,0.049,0.213,0.094
43.66,-79.35,0.032,0.469,0.036,0.315,0.33,0.076,0.123,0.12
43.76,-79.53,0.038,0.46,0.021,0.164,0.288,0.102,0.301,0.124
43.72,-79.44,0.068,0.492,0.035,0.211,0.346,0.064,0.173,0.171
43.65,-79.36,0.044,0.557,0.04,0.193,0.331,0.08,0.169,0.187
43.66,-79.46,0.038,0.526,0.031,0.274,0.318,0.082,0.119,0.177
43.74,-79.42,0.047,0.519,0.024,0.249,0.267,0.089,0.198,0.173
43.67,-79.28,0.051,0.434,0.021,0.433,0.326,0.048,0.079,0.093
43.79,-79.33,0.045,0.404,0.019,0.343,0.369,0.059,0.117,0.093
43.77,-79.25,0.056,0.345,0.028,0.324,0.346,0.064,0.12,0.118
43.76,-79.51,0.081,0.478,0.007,0.259,0.401,0.047,0.158,0.129
43.64,-79.48,0.039,0.466,0.027,0.304,0.263,0.091,0.11,0.205
43.69,-79.32,0.053,0.351,0.016,0.328,0.367,0.075,0.071,0.144
43.81,-79.26,0.084,0.611,0.018,0.396,0.272,0.084,0.141,0.088
43.65,-79.41,0.038,0.453,0.03,0.246,0.279,0.096,0.15,0.198
43.69,-79.48,0.052,0.513,0.015,0.192,0.393,0.081,0.147,0.172
43.76,-79.52,0.087,0.571,0.012,0.203,0.398,0.069,0.179,0.138
43.79,-79.3,0.028,0.378,0.012,0.323,0.361,0.082,0.085,0.137
43.82,-79.31,0.06,0.397,0.009,0.474,0.327,0.046,0.077,0.067
43.67,-79.35,0.043,0.442,0.02,0.345,0.364,0.077,0.069,0.124
43.8,-79.37,0.055,0.423,0.025,0.381,0.35,0.069,0.079,0.096
43.7,-79.59,0.049,0.543,0.007,0.13,0.227,0.063,0.403,0.17
43.75,-79.61,0.065,0.53,0.004,0.209,0.25,0.065,0.356,0.116
43.6,-79.52,0.051,0.466,0.013,0.341,0.287,0.052,0.192,0.116
43.67,-79.51,0.067,0.398,0.026,0.285,0.332,0.113,0.148,0.096
43.75,-79.59,0.051,0.476,0.028,0.157,0.368,0.043,0.226,0.179
43.76,-79.42,0.074,0.446,0.011,0.302,0.346,0.065,0.153,0.123
43.68,-79.42,0.04,0.544,0.031,0.249,0.32,0.087,0.15,0.163
43.78,-79.15,0.05,0.432,0.009,0.451,0.314,0.069,0.068,0.089
43.63,-79.55,0.037,0.49,0.01,0.123,0.21,0.071,0.273,0.313
43.77,-79.21,0.071,0.387,0.018,0.406,0.34,0.084,0.068,0.084
43.59,-79.52,0.097,0.384,0.058,0.367,0.242,0.031,0.215,0.087
43.74,-79.62,0.048,0.471,0.005,0.163,0.251,0.046,0.383,0.152
43.8,-79.31,0.053,0.451,0.027,0.378,0.343,0.045,0.114,0.093
43.71,-79.59,0.048,0.463,0.011,0.102,0.294,0.065,0.369,0.159
43.69,-79.33,0.049,0.365,0.018,0.345,0.411,0.077,0.058,0.09
43.76,-79.45,0.048,0.5,0.002,0.208,0.357,0.043,0.122,0.267
43.73,-79.29,0.072,0.545,0.025,0.245,0.335,0.059,0.208,0.128
43.71,-79.26,0.053,0.764,0.021,0.283,0.374,0.116,0.116,0.09
43.65,-79.32,0.054,0.481,0.008,0.13,0.31,0.093,0.195,0.265
43.83,-79.23,0.045,0.335,0.021,0.416,0.346,0.078,0.057,0.083
43.7,-79.54,0.047,0.476,0.012,0.178,0.309,0.077,0.314,0.111
43.77,-79.48,0.056,0.554,0.043,0.15,0.172,0.037,0.473,0.125
43.71,-79.41,0.049,0.516,0.066,0.246,0.29,0.094,0.163,0.141
43.77,-79.15,0.071,0.447,0.008,0.382,0.318,0.071,0.122,0.099
43.64,-79.46,0.029,0.415,0.036,0.234,0.371,0.09,0.113,0.155
40.47,-80.6,0.032,0.265,0.014,0.059,0.549,0.12,0.163,0.095
43.83,-79.22,0.036,0.525,0.029,0.373,0.379,0.092,0.056,0.071
43.77,-79.14,0.079,0.378,0.008,0.546,0.314,0.037,0.029,0.066
43.85,-79.18,0.012,0.229,0.033,0.161,0.582,0.035,0.078,0.111
43.62,-79.38,0.011,0.342,0.008,0.168,0.353,0.166,0.172,0.134
41.91,-90.86,0,0,0,0.155,0.379,0.024,0.252,0.19
43.81,-79.13,0.004,1.13,0.016,0.164,0.512,0.09,0.113,0.105
43.69,-79.51,0.054,0.447,0.01,0.194,0.35,0.06,0.163,0.222
43.78,-79.31,0.042,0.427,0.011,0.369,0.324,0.069,0.111,0.117
43.69,-79.28,0.062,0.389,0.019,0.242,0.458,0.082,0.079,0.12
43.84,-79.18,0.01,0.29,0.035,0.159,0.691,0.032,0.021,0.063
43.6,-79.55,0.05,0.366,0.006,0.283,0.266,0.061,0.295,0.09
43.66,-79.41,0.035,0.515,0.026,0.278,0.282,0.097,0.12,0.196
43.66,-79.36,0.039,0.426,0.04,0.285,0.335,0.062,0.129,0.149
43.79,-79.31,0.043,0.411,0.007,0.342,0.41,0.086,0.062,0.093
43.73,-79.39,0.049,0.367,0.057,0.36,0.317,0.098,0.074,0.093
43.78,-79.34,0.04,0.436,0.035,0.313,0.321,0.069,0.118,0.145
43.7,-79.53,0.046,0.522,0.016,0.191,0.374,0.067,0.221,0.13
43.76,-79.39,0.051,0.418,0.032,0.254,0.371,0.083,0.16,0.1
43.69,-79.6,0.069,0.515,0.028,0.174,0.204,0.069,0.345,0.181
43.67,-79.45,0.052,0.577,0.016,0.25,0.341,0.072,0.132,0.189
43.66,-79.44,0.042,0.555,0.015,0.222,0.388,0.076,0.137,0.162
43.74,-79.45,0.037,0.504,0.047,0.204,0.377,0.072,0.164,0.136
43.64,-79.5,0.024,0.362,0.007,0.416,0.222,0.05,0.223,0.083
43.72,-79.3,0.069,0.459,0.031,0.292,0.331,0.067,0.153,0.127
43.74,-79.47,0.038,0.349,0.002,0.081,0.543,0.116,0.096,0.162
43.81,-79.17,0.036,0.411,0.021,0.35,0.424,0.066,0.067,0.073
43.69,-79.39,0.042,0.372,0.07,0.324,0.298,0.085,0.109,0.114
43.83,-79.25,0.047,0.485,0.012,0.196,0.279,0.056,0.338,0.12
43.81,-79.34,0.063,0.486,0.026,0.286,0.229,0.06,0.298,0.101
43.72,-79.47,0.067,0.571,0.01,0.146,0.276,0.111,0.277,0.181
43.74,-79.61,0.064,0.603,0.006,0.183,0.285,0.045,0.26,0.222
43.81,-79.18,0.037,0.355,0.007,0.434,0.324,0.055,0.091,0.09
43.75,-79.4,0.061,0.394,0.018,0.313,0.377,0.084,0.106,0.103
43.72,-79.62,0.033,0.531,0.011,0.2,0.26,0.045,0.319,0.165
43.74,-79.57,0.056,0.527,0.017,0.183,0.356,0.056,0.266,0.122
43.75,-79.31,0.052,0.398,0.036,0.324,0.362,0.065,0.118,0.096
43.68,-79.33,0.065,0.375,0.047,0.317,0.422,0.057,0.079,0.078
43.74,-79.3,0.041,0.484,0.021,0.252,0.278,0.076,0.099,0.274
43.8,-79.33,0.056,0.431,0.016,0.387,0.314,0.061,0.129,0.093
43.67,-79.37,0.044,0.499,0.038,0.251,0.394,0.066,0.126,0.123
43.79,-79.27,0.053,0.434,0.023,0.226,0.319,0.06,0.209,0.162
43.63,-79.52,0.062,0.508,0.029,0.259,0.243,0.09,0.24,0.139
43.79,-79.35,0.045,0.422,0.02,0.344,0.333,0.069,0.118,0.115
43.79,-79.45,0.078,0.452,0.02,0.288,0.343,0.046,0.174,0.13
43.77,-79.39,0.095,0.415,0.042,0.304,0.411,0.06,0.094,0.088
43.71,-79.36,0.058,0.561,0.03,0.238,0.256,0.108,0.224,0.144
43.71,-79.51,0.049,0.531,0.01,0.197,0.319,0.101,0.187,0.186
43.66,-79.49,0.033,0.525,0.026,0.359,0.252,0.071,0.104,0.187
43.77,-79.55,0.053,0.512,0.009,0.199,0.246,0.077,0.322,0.147
43.69,-79.46,0.068,0.569,0.015,0.174,0.384,0.071,0.124,0.232
43.75,-79.6,0.055,0.505,0.016,0.226,0.323,0.051,0.249,0.135
43.68,-79.48,0.058,0.488,0.028,0.182,0.376,0.092,0.137,0.185
43.76,-79.31,0.076,0.368,0.026,0.331,0.388,0.074,0.099,0.083
43.69,-79.43,0.048,0.554,0.016,0.291,0.319,0.096,0.102,0.176
43.75,-79.64,0.055,0.455,0.005,0.18,0.131,0.052,0.401,0.231
43.66,-79.45,0.047,0.591,0.021,0.243,0.327,0.072,0.159,0.178
43.65,-79.6,0.051,0.427,0.039,0.27,0.286,0.063,0.23,0.112
43.65,-79.54,0.028,0.415,0.025,0.244,0.289,0.063,0.28,0.098
40.45,-80.62,0.02,0.242,0.026,0.154,0.439,0.063,0.218,0.1
43.83,-79.18,0.019,0.328,0.036,0.143,0.597,0.12,0.036,0.067
40.46,-80.6,0.041,0.329,0.043,0.082,0.528,0.078,0.159,0.111
43.74,-79.52,0.077,0.544,0.009,0.238,0.375,0.057,0.187,0.135
43.72,-79.43,0.053,0.459,0.034,0.219,0.314,0.058,0.185,0.189
43.69,-79.56,0.039,0.39,0.017,0.204,0.336,0.071,0.208,0.164
43.72,-79.48,0.041,0.565,0.013,0.189,0.316,0.087,0.218,0.178
43.65,-79.37,0.033,0.477,0.052,0.221,0.346,0.087,0.143,0.151
43.8,-79.3,0.048,0.47,0.023,0.331,0.341,0.052,0.135,0.117
43.71,-79.57,0.076,0.575,0.011,0.09,0.289,0.114,0.302,0.193
43.8,-79.18,0.032,0.378,0.012,0.386,0.281,0.058,0.158,0.105
43.79,-79.39,0.043,0.409,0.026,0.361,0.305,0.075,0.122,0.111
43.68,-79.49,0.059,0.464,0.017,0.222,0.294,0.069,0.142,0.257
43.77,-79.29,0.043,0.532,0.013,0.201,0.344,0.041,0.218,0.183
43.75,-79.44,0.05,0.53,0.027,0.242,0.276,0.065,0.164,0.226
43.76,-79.24,0.049,0.366,0.033,0.296,0.409,0.09,0.077,0.096
43.65,-79.51,0.035,0.362,0.026,0.317,0.261,0.085,0.193,0.117
43.72,-79.61,0.028,0.463,0.027,0.185,0.408,0.043,0.148,0.19
43.75,-79.55,0.049,0.467,0.022,0.217,0.283,0.087,0.166,0.225
43.63,-79.47,0.023,0.525,0.038,0.236,0.428,0.093,0.102,0.102
43.8,-79.43,0.094,0.526,0.023,0.317,0.298,0.053,0.174,0.135
43.73,-79.26,0.072,0.667,0.054,0.222,0.497,0.054,0.091,0.081
43.66,-79.39,0.032,0.463,0.035,0.23,0.322,0.083,0.142,0.189
43.73,-79.33,0.054,0.362,0.055,0.271,0.358,0.064,0.118,0.133
43.67,-79.5,0.053,0.427,0.019,0.258,0.362,0.068,0.132,0.16
43.74,-79.39,0.059,0.369,0.266,0.227,0.283,0.07,0.068,0.085
43.71,-79.61,0.012,0.296,0.004,0.134,0.396,0.022,0.147,0.297
43.7,-79.3,0.065,0.389,0.009,0.38,0.337,0.07,0.085,0.119
43.76,-79.26,0.058,0.383,0.017,0.394,0.367,0.078,0.045,0.099
43.74,-79.27,0.056,0.412,0.033,0.32,0.453,0.039,0.069,0.086
43.76,-79.19,0.081,0.483,0.007,0.315,0.433,0.06,0.077,0.108
43.63,-79.54,0.069,0.697,0.009,0.105,0.232,0.101,0.377,0.175
43.73,-79.22,0.04,0.424,0.012,0.258,0.447,0.082,0.069,0.132
43.75,-79.51,0.094,0.467,0.01,0.242,0.367,0.066,0.161,0.154
43.64,-79.52,0.064,0.549,0.021,0.315,0.259,0.051,0.207,0.147
43.69,-79.44,0.052,0.618,0.024,0.253,0.347,0.079,0.095,0.203
43.74,-79.2,0.06,0.382,0.009,0.42,0.329,0.109,0.055,0.078
43.76,-79.56,0.041,0.532,0.007,0.141,0.178,0.093,0.408,0.174
43.73,-79.4,0.054,0.424,0.109,0.316,0.247,0.089,0.126,0.113
43.72,-79.4,0.056,0.44,0.039,0.327,0.301,0.092,0.102,0.139
43.8,-79.28,0.056,0.507,0.012,0.388,0.341,0.086,0.089,0.085
43.62,-79.54,0.058,0.563,0.009,0.196,0.191,0.138,0.312,0.154
43.72,-79.54,0.052,0.526,0.016,0.22,0.338,0.066,0.205,0.156
43.76,-79.54,0.048,0.539,0.006,0.161,0.234,0.058,0.383,0.158
43.62,-79.39,0.027,0.869,0.008,0.07,0.363,0.147,0.23,0.181
43.75,-79.34,0.058,0.346,0.016,0.468,0.202,0.115,0.087,0.112
43.77,-79.24,0.053,0.392,0.017,0.388,0.332,0.079,0.076,0.107
43.64,-79.43,0.043,0.621,0.029,0.2,0.359,0.088,0.158,0.165
43.71,-79.32,0.052,0.446,0.01,0.385,0.291,0.092,0.125,0.097
43.8,-79.41,0.052,0.361,0.014,0.436,0.334,0.068,0.072,0.076
43.77,-79.36,0.045,0.497,0.044,0.297,0.33,0.072,0.144,0.113
43.78,-79.49,0.056,0.565,0.016,0.217,0.206,0.101,0.295,0.165
43.8,-79.16,0.03,0.353,0.022,0.298,0.34,0.059,0.171,0.11
43.71,-79.5,0.059,0.591,0.009,0.192,0.388,0.075,0.151,0.184
43.73,-79.48,0.066,0.475,0.019,0.23,0.338,0.077,0.184,0.151
43.7,-79.25,0.074,0.595,0.029,0.321,0.371,0.073,0.107,0.099
43.81,-79.25,0.053,0.608,0.011,0.181,0.268,0.046,0.38,0.115
43.77,-79.16,0.082,0.502,0.015,0.26,0.321,0.062,0.209,0.133
43.72,-79.55,0.061,0.427,0.017,0.144,0.388,0.074,0.264,0.113
43.75,-79.38,0.05,0.493,0.047,0.307,0.376,0.081,0.092,0.098
43.79,-79.21,0.049,0.483,0.035,0.262,0.406,0.058,0.133,0.107
43.62,-79.36,0.003,0.149,0.024,0.124,0.63,0.036,0.07,0.117
43.6,-79.49,0.04,0.538,0.02,0.279,0.382,0.059,0.179,0.082
43.85,-79.17,0.004,0.275,0.01,0.278,0.422,0.054,0.12,0.116
43.83,-79.21,0.042,0.21,0.058,0.195,0.356,0.167,0.074,0.15
43.67,-79.6,0,0,0.236,0.132,0.314,0.03,0.031,0.256
43.73,-79.25,0.058,0.711,0.017,0.206,0.51,0.051,0.121,0.096
43.81,-79.36,0.076,0.43,0.011,0.397,0.284,0.072,0.123,0.114
43.71,-79.46,0.076,0.559,0.018,0.204,0.318,0.063,0.185,0.213
43.67,-79.39,0.031,0.501,0.052,0.209,0.312,0.085,0.164,0.179
40.44,-80.62,0.01,0.164,0.013,0.039,0.42,0.078,0.266,0.183
43.64,-79.35,0.067,0.612,0.007,0.304,0.26,0.041,0.246,0.143
43.75,-79.23,0.097,0.385,0.016,0.27,0.54,0.06,0.045,0.069
43.78,-79.16,0.046,0.366,0.006,0.4,0.317,0.096,0.098,0.084
43.73,-79.34,0.068,0.455,0.046,0.364,0.263,0.101,0.134,0.092
43.78,-79.17,0.046,0.481,0.026,0.239,0.41,0.07,0.119,0.135
43.68,-79.58,0.024,0.458,0.02,0.17,0.276,0.06,0.332,0.143
43.67,-79.3,0.039,0.55,0.034,0.391,0.283,0.098,0.096,0.098
43.81,-79.2,0.057,0.59,0.016,0.25,0.198,0.055,0.288,0.193
43.75,-79.53,0.047,0.481,0.022,0.162,0.292,0.084,0.308,0.132
43.68,-79.39,0.044,0.424,0.082,0.342,0.22,0.107,0.109,0.14
43.72,-79.52,0.025,0.508,0.022,0.164,0.264,0.07,0.299,0.181
43.82,-79.21,0.043,0.481,0.017,0.397,0.347,0.065,0.064,0.11
43.66,-79.48,0.032,0.518,0.026,0.315,0.283,0.094,0.1,0.181
43.64,-79.51,0.03,0.414,0.01,0.36,0.212,0.078,0.225,0.114
43.71,-79.47,0.062,0.573,0.007,0.164,0.265,0.099,0.262,0.203
43.76,-79.21,0.047,0.532,0.022,0.26,0.413,0.064,0.108,0.132
43.71,-79.27,0.057,0.5,0.05,0.278,0.367,0.062,0.121,0.121
43.69,-79.3,0.061,0.468,0.019,0.34,0.388,0.065,0.077,0.111
43.67,-79.57,0.025,0.488,0.014,0.199,0.297,0.078,0.294,0.118
43.81,-79.28,0.068,0.574,0.015,0.436,0.311,0.073,0.089,0.076
43.68,-79.44,0.04,0.589,0.023,0.304,0.319,0.065,0.098,0.19
43.85,-79.19,0.008,0.349,0.012,0.16,0.473,0.02,0.153,0.182
43.75,-79.26,0.076,0.414,0.027,0.306,0.374,0.05,0.113,0.13
43.7,-79.38,0.044,0.521,0.059,0.41,0.222,0.078,0.135,0.096
43.78,-79.27,0.033,0.462,0.022,0.284,0.323,0.057,0.183,0.13
43.72,-79.53,0.051,0.52,0.009,0.204,0.277,0.064,0.284,0.161
43.77,-79.49,0.056,0.535,0.034,0.151,0.259,0.051,0.365,0.141
43.68,-79.6,0.012,0.334,0.071,0.117,0.283,0.039,0.296,0.194
43.67,-79.41,0.039,0.531,0.028,0.303,0.283,0.084,0.128,0.173
43.74,-79.36,0.05,0.415,0.023,0.39,0.213,0.136,0.109,0.129
43.68,-79.56,0.04,0.385,0.03,0.239,0.325,0.06,0.199,0.147
43.72,-79.28,0.076,0.454,0.011,0.243,0.359,0.047,0.202,0.138
43.77,-79.4,0.085,0.358,0.035,0.338,0.475,0.038,0.051,0.062
43.67,-79.53,0.029,0.36,0.019,0.249,0.316,0.074,0.227,0.116
43.78,-79.25,0.044,0.463,0.02,0.262,0.34,0.056,0.187,0.135
43.7,-79.52,0.05,0.469,0.019,0.235,0.341,0.064,0.205,0.136
43.7,-79.6,0.036,0.507,0.01,0.121,0.16,0.055,0.509,0.145
43.79,-79.25,0.06,0.458,0.028,0.256,0.286,0.039,0.163,0.229
43.8,-79.35,0.062,0.441,0.021,0.447,0.264,0.062,0.106,0.101
43.74,-79.58,0.055,0.437,0.021,0.159,0.382,0.06,0.26,0.118
43.72,-79.49,0.047,0.476,0.025,0.211,0.33,0.07,0.194,0.17
43.59,-79.54,0.059,0.363,0.027,0.31,0.29,0.049,0.228,0.096
43.75,-79.42,0.05,0.359,0.013,0.203,0.334,0.066,0.221,0.164
43.84,-79.23,0.041,0.398,0.023,0.453,0.273,0.083,0.098,0.069
43.63,-79.39,0.019,0.42,0.005,0.056,0.305,0.158,0.308,0.168
43.74,-79.5,0.088,0.488,0.007,0.257,0.327,0.072,0.156,0.18
43.83,-79.17,0.028,0.314,0.018,0.344,0.528,0.027,0.043,0.04
43.84,-79.17,0.02,0.275,0.031,0.239,0.578,0.035,0.048,0.069
43.61,-79.57,0.002,0.423,0.028,0.132,0.297,0.069,0.317,0.156
43.76,-79.36,0.071,0.453,0.038,0.352,0.268,0.074,0.163,0.105
43.74,-79.43,0.044,0.517,0.016,0.256,0.258,0.072,0.22,0.178
43.81,-79.35,0.028,0.394,0.015,0.246,0.297,0.075,0.211,0.156
43.81,-79.21,0.058,0.517,0.038,0.374,0.302,0.079,0.072,0.135
43.8,-79.14,0.03,0.461,0.02,0.217,0.385,0.057,0.195,0.125
43.75,-79.21,0.073,0.561,0.01,0.328,0.41,0.065,0.096,0.091
43.78,-79.44,0.047,0.475,0.014,0.275,0.295,0.074,0.187,0.156
43.83,-79.2,0.025,0.35,0.018,0.11,0.593,0.021,0.015,0.243
43.62,-79.5,0.029,0.465,0.02,0.273,0.312,0.066,0.234,0.096
43.79,-79.4,0.062,0.379,0.057,0.346,0.4,0.066,0.06,0.071
43.72,-79.46,0.066,0.512,0.014,0.149,0.316,0.078,0.269,0.174
43.65,-79.47,0.041,0.421,0.039,0.311,0.278,0.094,0.098,0.18
43.78,-79.33,0.037,0.369,0.025,0.392,0.297,0.077,0.091,0.118
43.67,-79.32,0.034,0.584,0.017,0.361,0.308,0.092,0.103,0.119
43.65,-79.39,0.033,0.508,0.049,0.308,0.282,0.076,0.149,0.136
43.75,-79.52,0.079,0.56,0.015,0.238,0.313,0.072,0.234,0.128
43.77,-79.31,0.038,0.377,0.016,0.34,0.328,0.066,0.149,0.101
43.79,-79.43,0.06,0.37,0.015,0.265,0.305,0.057,0.181,0.176
43.68,-79.53,0.041,0.443,0.016,0.243,0.315,0.072,0.256,0.098
43.81,-79.32,0.041,0.398,0.039,0.329,0.409,0.059,0.093,0.071
43.68,-79.46,0.061,0.566,0.019,0.195,0.443,0.065,0.073,0.206
43.67,-79.4,0.036,0.49,0.051,0.251,0.315,0.094,0.126,0.164
43.79,-79.29,0.041,0.463,0.022,0.271,0.324,0.081,0.147,0.155
43.64,-79.34,0.063,0.685,0.003,0.105,0.38,0.12,0.223,0.168
43.76,-79.34,0.044,0.38,0.029,0.368,0.313,0.07,0.115,0.105
43.77,-79.3,0.05,0.481,0.017,0.208,0.309,0.061,0.217,0.188
43.74,-79.29,0.038,0.423,0.019,0.25,0.271,0.059,0.235,0.166
43.73,-79.63,0.013,0.445,0.005,0.177,0.243,0.059,0.354,0.161
43.65,-79.35,0.058,0.621,0.028,0.123,0.436,0.083,0.155,0.175
43.76,-79.29,0.06,0.449,0.023,0.247,0.322,0.07,0.176,0.161
43.73,-79.36,0.032,0.312,0.049,0.25,0.308,0.1,0.115,0.178
43.75,-79.39,0.057,0.444,0.029,0.318,0.382,0.095,0.092,0.085
43.77,-79.38,0.059,0.425,0.024,0.389,0.253,0.077,0.113,0.143
43.65,-79.46,0.027,0.448,0.03,0.26,0.317,0.099,0.121,0.173
43.74,-79.44,0.048,0.49,0.014,0.266,0.255,0.081,0.165,0.22
43.65,-79.34,0.073,0.676,0.017,0.177,0.387,0.085,0.203,0.131
43.72,-79.33,0.044,0.463,0.099,0.253,0.291,0.049,0.17,0.138
43.82,-79.18,0.033,0.248,0.018,0.131,0.609,0.104,0.06,0.078
43.82,-79.2,0.04,0.392,0.018,0.429,0.315,0.064,0.047,0.127
43.7,-79.36,0.052,0.405,0.038,0.258,0.316,0.08,0.193,0.115
43.68,-79.36,0.043,0.387,0.038,0.249,0.368,0.061,0.142,0.142
43.74,-79.23,0.072,0.373,0.018,0.26,0.513,0.061,0.073,0.074
43.71,-79.38,0.05,0.537,0.043,0.308,0.287,0.094,0.143,0.124
43.84,-79.16,0.011,0.713,0.01,0.293,0.386,0.066,0.098,0.148
43.75,-79.63,0.033,0.654,0.011,0.201,0.275,0.042,0.321,0.149
43.67,-79.43,0.031,0.517,0.018,0.287,0.333,0.081,0.109,0.172
43.73,-79.59,0.054,0.419,0.01,0.183,0.443,0.048,0.222,0.095
43.77,-79.52,0.067,0.504,0.013,0.204,0.442,0.046,0.171,0.124
43.8,-79.13,0.033,0.532,0.016,0.313,0.33,0.1,0.127,0.114
43.68,-79.4,0.049,0.509,0.044,0.302,0.289,0.089,0.104,0.173
43.74,-79.28,0.058,0.387,0.021,0.269,0.444,0.055,0.116,0.095
43.79,-79.34,0.027,0.377,0.024,0.321,0.361,0.059,0.12,0.115
43.73,-79.61,0.063,0.503,0.004,0.441,0.241,0.033,0.18,0.101
37.8,-95.95,0.023,0.265,0,0.016,0.707,0.048,0.185,0.043
43.8,-79.15,0.033,0.496,0.02,0.219,0.404,0.055,0.192,0.11
43.73,-79.23,0.059,0.432,0.026,0.285,0.438,0.082,0.077,0.092
43.68,-79.41,0.053,0.527,0.038,0.27,0.319,0.08,0.123,0.17
43.84,-79.25,0.056,0.477,0.017,0.205,0.368,0.057,0.241,0.111
43.73,-79.21,0.088,0.391,0.003,0.311,0.478,0.085,0.035,0.087
43.74,-79.59,0.061,0.506,0.021,0.189,0.375,0.052,0.242,0.122
43.77,-79.33,0.048,0.466,0.054,0.284,0.287,0.053,0.179,0.143
43.7,-79.42,0.041,0.465,0.122,0.227,0.315,0.077,0.104,0.154
43.76,-79.58,0.036,0.466,0.007,0.236,0.189,0.051,0.303,0.214
43.67,-79.31,0.039,0.422,0.026,0.339,0.314,0.111,0.099,0.112
43.59,-79.55,0.067,0.429,0.023,0.344,0.303,0.041,0.212,0.076
43.67,-79.52,0.044,0.576,0.018,0.279,0.286,0.074,0.219,0.124
43.75,-79.58,0.095,0.491,0.022,0.223,0.421,0.046,0.143,0.144
43.72,-79.22,0.043,0.454,0.003,0.356,0.279,0.135,0.079,0.149
43.61,-79.39,0.013,0.711,0.021,0.086,0.365,0.133,0.219,0.177
43.72,-79.26,0.048,0.65,0.034,0.239,0.436,0.085,0.113,0.094
43.62,-79.53,0.037,0.511,0.02,0.194,0.235,0.129,0.28,0.142
43.69,-79.38,0.043,0.316,0.05,0.328,0.286,0.138,0.088,0.108
43.76,-79.55,0.054,0.586,0.004,0.119,0.196,0.06,0.456,0.166
43.78,-79.35,0.05,0.419,0.025,0.296,0.384,0.057,0.115,0.123
43.63,-79.57,0.049,0.517,0.014,0.307,0.262,0.095,0.182,0.14
43.76,-79.35,0.061,0.527,0.035,0.426,0.258,0.053,0.142,0.086
43.69,-79.31,0.051,0.379,0.014,0.356,0.404,0.063,0.073,0.089
43.7,-79.28,0.086,0.389,0.02,0.267,0.438,0.063,0.089,0.123
43.8,-79.17,0.034,0.411,0.025,0.277,0.341,0.066,0.165,0.125
43.67,-79.46,0.057,0.605,0.016,0.212,0.406,0.081,0.124,0.161
43.64,-79.47,0.041,0.491,0.026,0.348,0.313,0.089,0.079,0.145
43.77,-79.37,0.055,0.443,0.052,0.269,0.283,0.061,0.172,0.163
43.69,-79.37,0.048,0.41,0.065,0.386,0.296,0.092,0.064,0.097
43.65,-79.53,0.048,0.479,0.028,0.231,0.318,0.079,0.239,0.104
43.74,-79.56,0.065,0.45,0.012,0.173,0.313,0.053,0.358,0.09
43.7,-79.57,0.051,0.497,0.009,0.116,0.289,0.064,0.327,0.194
43.74,-79.63,0.021,0.5,0.007,0.144,0.245,0.061,0.399,0.145
43.71,-79.24,0.073,0.51,0.028,0.249,0.463,0.058,0.076,0.126
43.79,-79.41,0.06,0.336,0.017,0.395,0.374,0.061,0.066,0.087
43.75,-79.27,0.078,0.628,0.062,0.243,0.281,0.064,0.224,0.126
43.68,-79.47,0.064,0.499,0.019,0.18,0.382,0.077,0.143,0.2
43.72,-79.38,0.053,0.456,0.064,0.345,0.293,0.092,0.099,0.107
43.83,-79.27,0.072,0.466,0.019,0.395,0.271,0.088,0.124,0.103
43.79,-79.14,0.057,0.409,0.009,0.376,0.393,0.054,0.067,0.1
43.76,-79.59,0.081,0.553,0.01,0.178,0.326,0.038,0.265,0.184
43.71,-79.58,0.069,0.562,0.007,0.051,0.229,0.103,0.437,0.173
43.66,-79.47,0.039,0.538,0.025,0.325,0.327,0.089,0.066,0.168
43.64,-79.42,0.052,0.579,0.044,0.188,0.358,0.086,0.168,0.157
43.78,-79.48,0.06,0.547,0.022,0.191,0.151,0.063,0.266,0.306
43.7,-79.34,0.039,0.391,0.046,0.214,0.387,0.067,0.143,0.143
43.76,-79.38,0.04,0.385,0.104,0.223,0.315,0.087,0.144,0.127
43.77,-79.28,0.064,0.533,0.067,0.179,0.315,0.059,0.231,0.149
43.73,-79.6,0.056,0.498,0.004,0.228,0.38,0.042,0.233,0.113
43.73,-79.57,0.055,0.347,0.015,0.229,0.306,0.049,0.323,0.078
43.64,-79.41,0.042,0.53,0.055,0.225,0.345,0.091,0.136,0.149
43.68,-79.27,0.048,0.305,0.005,0.319,0.37,0.146,0.073,0.087
43.67,-79.36,0.025,0.369,0.043,0.237,0.395,0.06,0.122,0.143
43.68,-79.37,0.028,0.395,0.162,0.197,0.358,0.088,0.087,0.107
43.77,-79.56,0.045,0.46,0.004,0.163,0.261,0.082,0.357,0.134
43.75,-79.48,0.066,0.479,0.018,0.163,0.428,0.074,0.198,0.118
43.71,-79.54,0.034,0.51,0.017,0.135,0.354,0.07,0.273,0.15
43.64,-79.55,0.028,0.443,0.024,0.241,0.256,0.061,0.271,0.147
43.65,-79.44,0.055,0.576,0.016,0.254,0.354,0.079,0.123,0.173
43.75,-79.47,0.073,0.429,0.022,0.261,0.34,0.061,0.219,0.098
43.79,-79.17,0.056,0.493,0.023,0.461,0.265,0.065,0.062,0.124
43.78,-79.5,0.049,0.48,0.028,0.087,0.282,0.055,0.131,0.418
43.61,-79.48,0.056,0.098,0.102,0.516,0.249,0,0.013,0.12
40.48,-80.61,0.039,0.299,0,0.029,0.827,0.063,0.042,0.039
43.76,-79.15,0.099,0.641,0.02,0.12,0.663,0.115,0.031,0.051
40.45,-80.6,0.001,0.081,0,0,0.929,0.071,0,0
43.69,-79.61,0.003,0.571,0.009,0.11,0.23,0.057,0.434,0.16
43.7,-79.35,0.046,0.408,0.046,0.253,0.327,0.071,0.176,0.127
43.65,-79.58,0.049,0.39,0.017,0.19,0.34,0.081,0.208,0.164
43.67,-79.54,0.028,0.291,0.019,0.264,0.253,0.081,0.277,0.106
43.76,-79.49,0.068,0.52,0.027,0.173,0.271,0.076,0.303,0.15
43.72,-79.56,0.053,0.453,0.014,0.208,0.34,0.062,0.27,0.106
43.75,-79.19,0.066,0.418,0.006,0.468,0.305,0.087,0.051,0.083
43.67,-79.59,0.016,0.417,0.031,0.189,0.271,0.051,0.322,0.136
43.68,-79.59,0.042,0.474,0.036,0.184,0.285,0.053,0.292,0.15
43.68,-79.38,0.043,0.4,0.175,0.274,0.266,0.117,0.068,0.1
43.75,-79.36,0.061,0.473,0.032,0.409,0.227,0.103,0.121,0.108
43.75,-79.37,0.051,0.474,0.024,0.403,0.278,0.136,0.062,0.097
43.78,-79.19,0.051,0.402,0.015,0.288,0.33,0.048,0.192,0.127
43.8,-79.21,0.04,0.35,0.024,0.399,0.296,0.048,0.107,0.126
43.82,-79.29,0.07,0.434,0.021,0.482,0.27,0.069,0.076,0.082
43.75,-79.25,0.076,0.385,0.038,0.37,0.358,0.058,0.067,0.108
43.76,-79.32,0.05,0.372,0.021,0.369,0.346,0.058,0.099,0.107
43.75,-79.56,0.05,0.508,0.006,0.233,0.293,0.051,0.222,0.194
43.7,-79.45,0.067,0.539,0.048,0.184,0.296,0.076,0.198,0.198
43.69,-79.4,0.04,0.509,0.076,0.28,0.268,0.091,0.132,0.152
43.68,-79.35,0.044,0.456,0.028,0.32,0.384,0.077,0.087,0.104
43.76,-79.57,0.055,0.492,0.016,0.24,0.276,0.053,0.222,0.194
43.79,-79.32,0.051,0.42,0.016,0.37,0.391,0.085,0.059,0.079
43.65,-79.42,0.047,0.566,0.019,0.248,0.289,0.1,0.136,0.208
43.68,-79.45,0.056,0.553,0.022,0.232,0.42,0.067,0.081,0.178
43.7,-79.47,0.075,0.637,0.004,0.149,0.231,0.108,0.245,0.264
43.74,-79.49,0.071,0.501,0.01,0.289,0.318,0.072,0.152,0.16
43.69,-79.42,0.045,0.458,0.074,0.269,0.298,0.089,0.12,0.15
43.69,-79.45,0.07,0.56,0.027,0.216,0.426,0.057,0.098,0.176
43.66,-79.51,0.046,0.4,0.017,0.279,0.289,0.083,0.181,0.15
43.69,-79.34,0.055,0.354,0.021,0.34,0.409,0.068,0.065,0.097
43.72,-79.45,0.081,0.553,0.039,0.234,0.365,0.064,0.148,0.15
43.75,-79.29,0.058,0.403,0.058,0.251,0.271,0.066,0.203,0.152
43.75,-79.35,0.065,0.48,0.026,0.303,0.32,0.044,0.197,0.11
43.74,-79.6,0.067,0.531,0.01,0.246,0.312,0.056,0.266,0.11
43.73,-79.42,0.054,0.534,0.029,0.29,0.248,0.097,0.184,0.152
43.77,-79.47,0.058,0.517,0.042,0.204,0.255,0.083,0.306,0.109
43.61,-79.5,0.051,0.528,0.024,0.172,0.379,0.049,0.282,0.093
43.76,-79.22,0.076,0.438,0.028,0.249,0.372,0.075,0.1,0.177
43.71,-79.48,0.057,0.559,0.011,0.186,0.318,0.079,0.187,0.218
43.77,-79.27,0.068,0.447,0.017,0.218,0.325,0.058,0.257,0.124
43.74,-79.38,0.034,0.485,0.097,0.229,0.343,0.074,0.12,0.136
43.72,-79.23,0.045,0.396,0.011,0.425,0.293,0.088,0.069,0.114
43.71,-79.52,0.048,0.494,0.006,0.208,0.333,0.068,0.217,0.168
43.68,-79.5,0.055,0.471,0.015,0.236,0.318,0.064,0.173,0.193
43.78,-79.24,0.037,0.522,0.017,0.223,0.287,0.05,0.272,0.15
43.78,-79.39,0.081,0.381,0.015,0.332,0.371,0.101,0.097,0.084
43.76,-79.25,0.055,0.425,0.021,0.321,0.341,0.063,0.116,0.138
43.74,-79.35,0.069,0.459,0.024,0.419,0.248,0.094,0.099,0.116
43.75,-79.5,0.081,0.483,0.011,0.264,0.327,0.053,0.157,0.188
43.66,-79.54,0.027,0.371,0.017,0.256,0.249,0.089,0.295,0.093
43.75,-79.2,0.069,0.443,0.015,0.34,0.353,0.102,0.096,0.094
43.74,-79.54,0.052,0.528,0.013,0.263,0.286,0.044,0.245,0.148
43.6,-79.53,0.075,0.449,0.008,0.224,0.368,0.046,0.242,0.112
43.74,-79.37,0.062,0.469,0.085,0.37,0.23,0.123,0.084,0.109
43.8,-79.29,0.049,0.469,0.031,0.322,0.267,0.056,0.172,0.152
43.73,-79.54,0.052,0.571,0.026,0.226,0.33,0.073,0.208,0.137
43.72,-79.27,0.066,0.571,0.068,0.403,0.327,0.038,0.095,0.069
43.77,-79.2,0.085,0.433,0.021,0.389,0.324,0.049,0.103,0.114
43.84,-79.2,0.005,0.474,0.06,0.159,0.547,0.052,0.052,0.131
43.79,-79.13,0.049,0.469,0.01,0.463,0.3,0.071,0.064,0.092
43.7,-79.43,0.062,0.56,0.038,0.202,0.378,0.081,0.135,0.168
43.72,-79.24,0.058,0.484,0.032,0.248,0.457,0.068,0.092,0.103
43.59,-79.53,0.071,0.414,0.013,0.311,0.246,0.043,0.29,0.096
43.68,-79.54,0.035,0.416,0.022,0.291,0.285,0.064,0.241,0.097
43.79,-79.12,0.05,0.468,0.016,0.362,0.383,0.057,0.087,0.095
43.66,-79.6,0.019,0.302,0.08,0.34,0.251,0.03,0.215,0.084
43.63,-79.41,0.034,0.322,0.213,0.179,0.342,0.052,0.113,0.1
43.66,-79.5,0.046,0.43,0.042,0.332,0.245,0.063,0.15,0.168
43.75,-79.43,0.082,0.576,0.015,0.314,0.275,0.051,0.142,0.204
43.84,-79.21,0.008,0.357,0.017,0.067,0.529,0.025,0.081,0.282
43.78,-79.2,0.051,0.381,0.026,0.249,0.367,0.064,0.148,0.144
43.76,-79.61,0.051,0.465,0.014,0.143,0.319,0.042,0.334,0.148
43.77,-79.57,0.044,0.577,0.02,0.155,0.236,0.056,0.379,0.154
43.77,-79.18,0.082,0.504,0.023,0.282,0.334,0.067,0.159,0.134
43.7,-79.4,0.051,0.481,0.082,0.304,0.271,0.076,0.121,0.146
43.74,-79.33,0.036,0.381,0.057,0.271,0.289,0.077,0.177,0.129
43.79,-79.19,0.048,0.428,0.021,0.266,0.381,0.049,0.142,0.142
43.65,-79.45,0.037,0.567,0.02,0.291,0.276,0.112,0.126,0.174
43.77,-79.44,0.043,0.478,0.013,0.278,0.308,0.056,0.167,0.178
43.65,-79.4,0.047,0.497,0.039,0.303,0.224,0.065,0.163,0.206
43.73,-79.27,0.084,0.63,0.031,0.241,0.421,0.051,0.166,0.09
43.76,-79.6,0.051,0.529,0.009,0.242,0.321,0.042,0.242,0.143
43.67,-79.33,0.039,0.49,0.016,0.355,0.348,0.082,0.089,0.109
43.64,-79.53,0.062,0.516,0.07,0.228,0.329,0.083,0.181,0.11
43.74,-79.22,0.076,0.428,0.015,0.265,0.464,0.061,0.113,0.083
43.61,-79.52,0.057,0.505,0.023,0.139,0.348,0.061,0.315,0.113
43.67,-79.44,0.04,0.596,0.017,0.264,0.354,0.078,0.111,0.177
43.76,-79.46,0.053,0.561,0.007,0.263,0.297,0.057,0.151,0.225
43.7,-79.31,0.073,0.467,0.012,0.429,0.344,0.073,0.053,0.088
43.79,-79.16,0.056,0.516,0.017,0.35,0.366,0.067,0.092,0.109
43.76,-79.47,0.074,0.574,0.022,0.253,0.211,0.048,0.313,0.153
43.69,-79.57,0.033,0.437,0.013,0.165,0.293,0.071,0.301,0.156
43.78,-79.14,0.054,0.39,0.017,0.439,0.343,0.054,0.061,0.086
43.61,-79.55,0.044,0.508,0.029,0.21,0.294,0.082,0.261,0.123
43.73,-79.43,0.057,0.539,0.046,0.219,0.289,0.068,0.201,0.176
43.63,-79.56,0.038,0.579,0.022,0.173,0.278,0.08,0.27,0.177
43.65,-79.57,0.048,0.472,0.021,0.202,0.34,0.092,0.199,0.146
43.63,-79.49,0.032,0.524,0.026,0.247,0.262,0.078,0.274,0.113
43.64,-79.54,0.038,0.46,0.062,0.246,0.298,0.068,0.22,0.106
43.72,-79.41,0.052,0.502,0.033,0.292,0.29,0.086,0.134,0.164
43.75,-79.28,0.056,0.442,0.091,0.232,0.351,0.078,0.125,0.122
43.7,-79.44,0.056,0.538,0.032,0.215,0.367,0.08,0.134,0.172
43.78,-79.29,0.05,0.414,0.025,0.249,0.38,0.048,0.159,0.138
43.78,-79.45,0.085,0.421,0.023,0.304,0.302,0.05,0.169,0.152
43.8,-79.2,0.04,0.462,0.023,0.218,0.309,0.049,0.247,0.155
43.82,-79.26,0.06,0.515,0.017,0.28,0.249,0.084,0.271,0.099
43.74,-79.25,0.048,0.508,0.033,0.239,0.44,0.049,0.139,0.098
43.78,-79.23,0.065,0.483,0.039,0.271,0.349,0.058,0.155,0.129
43.76,-79.48,0.081,0.543,0.031,0.151,0.23,0.081,0.378,0.128
43.74,-79.53,0.048,0.536,0.012,0.142,0.282,0.065,0.335,0.163
43.74,-79.32,0.045,0.449,0.071,0.315,0.255,0.067,0.18,0.112
43.78,-79.13,0.058,0.417,0.036,0.434,0.339,0.065,0.04,0.085
43.67,-79.48,0.062,0.508,0.022,0.217,0.292,0.092,0.207,0.17
43.7,-79.27,0.058,0.403,0.018,0.3,0.363,0.09,0.12,0.11
43.81,-79.22,0.048,0.473,0.029,0.284,0.351,0.052,0.143,0.142
43.65,-79.56,0.039,0.411,0.014,0.219,0.34,0.083,0.222,0.122
43.82,-79.28,0.075,0.445,0.013,0.392,0.327,0.056,0.095,0.118
43.71,-79.3,0.063,0.442,0.019,0.406,0.292,0.084,0.087,0.112
43.79,-79.42,0.059,0.41,0.02,0.258,0.294,0.073,0.216,0.139
43.75,-79.54,0.064,0.609,0.017,0.219,0.309,0.078,0.247,0.13
43.74,-79.46,0.032,0.435,0.022,0.205,0.517,0.041,0.092,0.123
43.79,-79.47,0.064,0.458,0.051,0.223,0.359,0.062,0.182,0.124
43.78,-79.37,0.058,0.461,0.02,0.414,0.263,0.076,0.096,0.132
43.71,-79.35,0.063,0.5,0.04,0.204,0.225,0.076,0.325,0.13
43.7,-79.32,0.055,0.468,0.026,0.336,0.341,0.087,0.104,0.106
44.57,-96.65,0.005,0.481,0,0.094,0.465,0.093,0.302,0.047
43.76,-79.2,0.071,0.44,0.061,0.284,0.324,0.062,0.105,0.164
43.7,-79.46,0.077,0.529,0.012,0.188,0.27,0.123,0.22,0.187
43.65,-79.59,0.041,0.42,0.033,0.223,0.426,0.085,0.108,0.125
43.66,-79.58,0.041,0.332,0.031,0.196,0.375,0.057,0.257,0.084
43.72,-79.34,0.054,0.475,0.088,0.244,0.292,0.061,0.191,0.124
43.72,-79.36,0.034,0.368,0.023,0.371,0.217,0.208,0.086,0.096
43.82,-79.17,0.027,0.376,0.032,0.145,0.536,0.06,0.129,0.097
43.78,-79.51,0.048,0.451,0.058,0.136,0.319,0.044,0.205,0.238
43.82,-79.32,0.044,0.377,0.033,0.397,0.326,0.048,0.112,0.084
43.71,-79.6,0.014,0.294,0.013,0.131,0.306,0.03,0.174,0.346
43.81,-79.37,0.079,0.468,0.01,0.356,0.351,0.086,0.095,0.102
43.84,-79.19,0.008,0.511,0.071,0.181,0.53,0.058,0.068,0.092
43.63,-79.35,0.152,0.573,0.01,0.902,0.005,0,0.02,0.063
43.64,-79.32,0,0.065,0,0.656,0.171,0.101,0.015,0.057
43.81,-79.39,0.015,0.31,0.029,0.24,0.365,0.098,0.14,0.127
43.75,-79.41,0.039,0.497,0.042,0.188,0.335,0.058,0.233,0.144
43.7,-79.48,0.055,0.563,0.009,0.202,0.281,0.079,0.212,0.217
43.74,-79.21,0.074,0.412,0.011,0.274,0.492,0.075,0.078,0.069
43.64,-79.56,0.044,0.479,0.024,0.228,0.295,0.072,0.22,0.16
43.62,-79.49,0.056,0.522,0.022,0.281,0.319,0.062,0.204,0.112
43.73,-79.47,0.049,0.494,0.015,0.199,0.272,0.092,0.227,0.194
43.72,-79.59,0.052,0.407,0.009,0.262,0.271,0.053,0.313,0.092
43.72,-79.58,0.061,0.429,0.009,0.202,0.279,0.057,0.343,0.11
43.66,-79.33,0.045,0.56,0.037,0.2,0.417,0.094,0.14,0.112
43.69,-79.54,0.028,0.333,0.02,0.241,0.307,0.064,0.276,0.093
43.66,-79.38,0.032,0.464,0.039,0.275,0.305,0.071,0.15,0.16
43.67,-79.47,0.055,0.526,0.022,0.182,0.333,0.081,0.225,0.157
43.68,-79.43,0.049,0.548,0.018,0.282,0.297,0.091,0.108,0.204
43.66,-79.34,0.035,0.536,0.022,0.314,0.301,0.101,0.135,0.127
43.66,-79.43,0.039,0.493,0.028,0.25,0.308,0.081,0.142,0.191
43.7,-79.5,0.073,0.447,0.011,0.212,0.341,0.06,0.161,0.216
43.78,-79.4,0.07,0.372,0.017,0.32,0.459,0.07,0.063,0.071
43.72,-79.42,0.051,0.472,0.029,0.264,0.275,0.078,0.175,0.18
43.71,-79.29,0.07,0.379,0.025,0.266,0.439,0.07,0.083,0.116
43.71,-79.25,0.075,0.644,0.025,0.275,0.416,0.074,0.115,0.094
43.7,-79.41,0.047,0.461,0.077,0.262,0.318,0.075,0.099,0.168
43.78,-79.3,0.046,0.388,0.025,0.3,0.406,0.05,0.079,0.14
43.73,-79.38,0.056,0.498,0.112,0.194,0.42,0.072,0.096,0.104
43.8,-79.36,0.047,0.415,0.015,0.378,0.39,0.054,0.084,0.08
43.71,-79.39,0.05,0.606,0.043,0.293,0.303,0.079,0.16,0.123
43.69,-79.52,0.055,0.463,0.011,0.224,0.318,0.065,0.272,0.111
43.72,-79.32,0.053,0.473,0.032,0.188,0.434,0.067,0.143,0.136
43.79,-79.46,0.062,0.402,0.016,0.24,0.37,0.068,0.127,0.18
43.77,-79.43,0.049,0.507,0.009,0.273,0.305,0.067,0.159,0.186
43.71,-79.33,0.038,0.394,0.065,0.229,0.371,0.051,0.158,0.127
43.77,-79.32,0.041,0.415,0.034,0.253,0.366,0.061,0.174,0.112
43.62,-79.56,0.06,0.546,0.008,0.135,0.196,0.051,0.306,0.305
43.69,-79.36,0.034,0.366,0.036,0.252,0.387,0.063,0.127,0.134
43.7,-79.56,0.041,0.443,0.015,0.145,0.332,0.067,0.292,0.149
43.65,-79.48,0.039,0.469,0.032,0.327,0.246,0.09,0.115,0.189
43.72,-79.57,0.053,0.396,0.011,0.18,0.332,0.058,0.29,0.128
43.72,-79.37,0.057,0.447,0.094,0.282,0.332,0.087,0.091,0.115
43.82,-79.33,0.05,0.399,0.018,0.485,0.285,0.066,0.078,0.067
43.71,-79.42,0.052,0.497,0.109,0.226,0.297,0.097,0.137,0.133
43.74,-79.31,0.052,0.397,0.043,0.329,0.281,0.079,0.121,0.148
43.79,-79.22,0.031,0.431,0.06,0.194,0.332,0.049,0.233,0.131
43.69,-79.59,0.079,0.543,0.027,0.32,0.257,0.068,0.206,0.123
43.75,-79.3,0.048,0.448,0.031,0.295,0.377,0.069,0.118,0.11
43.73,-79.35,0.065,0.481,0.021,0.433,0.2,0.095,0.146,0.105
43.71,-79.56,0.05,0.554,0.013,0.127,0.258,0.064,0.334,0.205
43.71,-79.28,0.071,0.419,0.066,0.272,0.396,0.049,0.113,0.103
43.76,-79.17,0.053,0.574,0.009,0.168,0.39,0.054,0.206,0.174
43.8,-79.38,0.046,0.327,0.016,0.421,0.296,0.088,0.08,0.099
43.67,-79.55,0.032,0.336,0.03,0.282,0.244,0.07,0.266,0.108
40.48,-80.6,0.052,0.261,0.013,0.016,0.753,0.103,0.043,0.072
43.61,-79.38,0.015,0.516,0.029,0.105,0.446,0.093,0.161,0.165
40.47,-80.61,0.019,0.253,0.013,0.036,0.398,0.091,0.348,0.114
43.77,-79.17,0.088,0.49,0.011,0.334,0.35,0.051,0.105,0.149
43.64,-79.4,0.034,0.503,0.038,0.284,0.303,0.072,0.147,0.156
43.6,-79.51,0.042,0.467,0.011,0.309,0.247,0.071,0.271,0.09
43.62,-79.51,0.034,0.493,0.017,0.23,0.308,0.071,0.258,0.116
43.68,-79.32,0.059,0.359,0.027,0.365,0.347,0.071,0.084,0.106
43.69,-79.29,0.061,0.454,0.037,0.307,0.369,0.07,0.11,0.107
43.76,-79.41,0.066,0.428,0.054,0.269,0.349,0.064,0.152,0.112
43.71,-79.31,0.058,0.555,0.021,0.254,0.288,0.063,0.249,0.125
43.79,-79.36,0.056,0.454,0.018,0.397,0.32,0.061,0.104,0.099
43.64,-79.57,0.05,0.528,0.012,0.268,0.295,0.08,0.205,0.14
43.66,-79.31,0.046,0.418,0.025,0.237,0.481,0.066,0.078,0.113
43.77,-79.54,0.049,0.482,0.028,0.217,0.242,0.055,0.324,0.134
43.71,-79.4,0.041,0.54,0.049,0.246,0.295,0.083,0.177,0.15
43.71,-79.43,0.056,0.417,0.081,0.193,0.325,0.062,0.172,0.167
43.79,-79.18,0.043,0.386,0.017,0.48,0.257,0.067,0.065,0.114
43.73,-79.45,0.034,0.525,0.057,0.177,0.356,0.072,0.203,0.135
43.77,-79.35,0.033,0.426,0.03,0.306,0.344,0.077,0.14,0.103
43.63,-79.58,0.058,0.519,0.016,0.291,0.273,0.099,0.171,0.151
43.67,-79.34,0.054,0.446,0.014,0.322,0.388,0.076,0.096,0.104
43.81,-79.38,0.055,0.41,0.01,0.402,0.251,0.114,0.115,0.107
43.81,-79.23,0.053,0.508,0.015,0.377,0.289,0.074,0.144,0.1
43.73,-79.41,0.041,0.438,0.024,0.378,0.193,0.105,0.115,0.186
43.76,-79.4,0.052,0.374,0.025,0.287,0.334,0.06,0.177,0.116
43.62,-79.48,0.053,0.485,0.054,0.287,0.349,0.059,0.128,0.123
43.72,-79.5,0.036,0.537,0.013,0.199,0.335,0.062,0.211,0.181
43.7,-79.37,0.045,0.385,0.074,0.338,0.283,0.094,0.103,0.107
43.72,-79.31,0.054,0.458,0.023,0.29,0.214,0.088,0.258,0.126
43.79,-79.38,0.025,0.416,0.029,0.379,0.303,0.068,0.103,0.118
43.8,-79.26,0.07,0.542,0.023,0.242,0.403,0.063,0.139,0.13
43.76,-79.18,0.082,0.462,0.022,0.417,0.299,0.066,0.09,0.106
43.71,-79.53,0.058,0.508,0.024,0.232,0.336,0.068,0.184,0.156
43.66,-79.37,0.036,0.487,0.035,0.283,0.297,0.061,0.178,0.146
43.76,-79.33,0.056,0.421,0.017,0.349,0.375,0.064,0.089,0.106
43.73,-79.3,0.054,0.45,0.029,0.338,0.322,0.061,0.143,0.106
43.8,-79.4,0.066,0.35,0.049,0.374,0.322,0.076,0.086,0.094
43.66,-79.53,0.029,0.334,0.02,0.275,0.255,0.073,0.284,0.093
43.66,-79.42,0.042,0.567,0.02,0.232,0.326,0.091,0.116,0.214
43.71,-79.23,0.053,0.363,0.05,0.319,0.434,0.028,0.048,0.122
43.6,-79.54,0.065,0.448,0.012,0.216,0.245,0.072,0.319,0.136
43.79,-79.28,0.06,0.478,0.02,0.351,0.342,0.053,0.096,0.137
43.8,-79.23,0.047,0.534,0.018,0.332,0.344,0.07,0.111,0.125
43.72,-79.39,0.046,0.41,0.026,0.385,0.314,0.116,0.064,0.094
43.63,-79.44,0.027,0.518,0.029,0.2,0.426,0.075,0.136,0.133
43.77,-79.51,0.078,0.455,0.01,0.162,0.438,0.057,0.113,0.22
43.76,-79.37,0.062,0.413,0.014,0.379,0.294,0.143,0.072,0.098
43.75,-79.18,0.054,0.45,0.019,0.43,0.352,0.06,0.052,0.086
43.64,-79.59,0.045,0.444,0.02,0.244,0.346,0.109,0.148,0.133
43.76,-79.5,0.083,0.523,0.012,0.284,0.347,0.058,0.168,0.131
43.8,-79.42,0.069,0.419,0.045,0.318,0.279,0.062,0.193,0.103
43.78,-79.46,0.052,0.373,0.013,0.179,0.483,0.063,0.121,0.14
43.76,-79.16,0.101,0.569,0.008,0.121,0.445,0.035,0.249,0.142
43.82,-79.19,0.026,0.282,0.003,0.065,0.74,0.072,0.022,0.098
43.6,-79.56,0.037,0.53,0.013,0.27,0.26,0.055,0.316,0.086
43.78,-79.21,0.065,0.424,0.032,0.331,0.372,0.051,0.103,0.111
43.65,-79.33,0.06,0.537,0.007,0.167,0.298,0.116,0.308,0.105
43.73,-79.62,0.046,0.41,0.014,0.308,0.278,0.033,0.208,0.16
43.79,-79.24,0.045,0.514,0.024,0.237,0.284,0.051,0.226,0.179
43.79,-79.37,0.051,0.41,0.035,0.38,0.326,0.062,0.098,0.098
43.67,-79.58,0.02,0.46,0.014,0.159,0.313,0.068,0.318,0.128
43.82,-79.3,0.073,0.535,0.024,0.213,0.282,0.051,0.301,0.13
43.75,-79.32,0.038,0.337,0.019,0.524,0.226,0.06,0.085,0.086
43.82,-79.27,0.075,0.496,0.016,0.375,0.381,0.069,0.077,0.082
43.77,-79.41,0.065,0.409,0.036,0.261,0.409,0.049,0.155,0.09
43.8,-79.25,0.051,0.467,0.005,0.117,0.36,0.034,0.318,0.166
43.77,-79.19,0.075,0.429,0.021,0.283,0.352,0.06,0.153,0.132
43.83,-79.3,0.081,0.571,0.015,0.256,0.362,0.035,0.231,0.102
43.61,-79.56,0.053,0.458,0.043,0.159,0.32,0.074,0.255,0.149
43.68,-79.31,0.062,0.42,0.012,0.368,0.376,0.088,0.073,0.083
43.7,-79.55,0.058,0.517,0.031,0.195,0.379,0.059,0.218,0.117
43.66,-79.4,0.036,0.471,0.019,0.257,0.263,0.122,0.108,0.231
43.82,-79.24,0.05,0.531,0.009,0.165,0.228,0.065,0.408,0.125
43.76,-79.44,0.048,0.557,0.011,0.205,0.374,0.052,0.155,0.203
43.81,-79.29,0.063,0.528,0.022,0.39,0.213,0.047,0.214,0.114
43.8,-79.27,0.068,0.53,0.036,0.346,0.299,0.108,0.108,0.104
43.71,-79.37,0.046,0.4,0.036,0.334,0.308,0.11,0.091,0.121
43.8,-79.39,0.046,0.348,0.02,0.264,0.388,0.125,0.121,0.083
43.73,-79.28,0.079,0.48,0.027,0.259,0.381,0.046,0.174,0.113
43.65,-79.38,0.031,0.505,0.064,0.27,0.322,0.079,0.115,0.15
43.63,-79.53,0.074,0.561,0.011,0.264,0.251,0.07,0.271,0.132
43.61,-79.49,0.061,0.514,0.015,0.283,0.301,0.056,0.258,0.087
43.78,-79.42,0.062,0.394,0.062,0.267,0.312,0.053,0.173,0.133
43.81,-79.16,0.043,0.411,0.013,0.276,0.507,0.061,0.062,0.081
43.8,-79.19,0.029,0.473,0.01,0.211,0.384,0.059,0.208,0.127
43.64,-79.38,0.03,0.54,0.034,0.254,0.312,0.085,0.148,0.167
43.69,-79.55,0.053,0.433,0.011,0.251,0.339,0.064,0.26,0.076
43.76,-79.3,0.066,0.44,0.026,0.215,0.35,0.058,0.21,0.141
43.81,-79.33,0.056,0.395,0.027,0.408,0.28,0.081,0.127,0.076
43.8,-79.24,0.046,0.474,0.028,0.209,0.307,0.089,0.242,0.126
43.79,-79.23,0.038,0.433,0.025,0.235,0.328,0.053,0.214,0.145
44.57,-96.64,0.027,0.201,0,0.083,0.644,0.051,0.193,0.03
43.74,-79.55,0.062,0.438,0.011,0.193,0.284,0.043,0.347,0.123
43.61,-79.54,0.047,0.479,0.008,0.244,0.331,0.084,0.225,0.107
43.69,-79.26,0.05,0.352,0.016,0.269,0.4,0.096,0.087,0.131
43.7,-79.33,0.036,0.437,0.028,0.292,0.366,0.071,0.117,0.126
43.68,-79.51,0.054,0.46,0.023,0.262,0.369,0.061,0.167,0.117
43.78,-79.41,0.065,0.389,0.07,0.311,0.37,0.056,0.107,0.086
43.77,-79.46,0.039,0.42,0.013,0.322,0.277,0.065,0.17,0.154
43.73,-79.58,0.057,0.396,0.008,0.271,0.32,0.04,0.282,0.079
43.84,-79.24,0.045,0.385,0.003,0.054,0.426,0.049,0.324,0.144
37.8,-95.94,0,0,0,0,0.841,0.041,0.095,0.023
43.81,-79.14,0.028,0.858,0.039,0.272,0.469,0.057,0.08,0.085
41.9,-90.86,0.014,0.075,0,0.105,0.477,0.051,0.178,0.189
43.79,-79.48,0.052,0.459,0.077,0.234,0.378,0.058,0.144,0.108
43.71,-79.62,0,0.372,0.01,0.138,0.236,0.056,0.407,0.153
43.82,-79.15,0.048,0.214,0.002,0.396,0.162,0.104,0.33,0.006
43.81,-79.15,0.061,0.425,0.018,0.208,0.514,0.055,0.144,0.061
43.59,-79.5,0.017,0.374,0,0.386,0.19,0.072,0.272,0.08
43.64,-79.45,0.037,0.474,0.03,0.266,0.37,0.091,0.095,0.147
43.72,-79.29,0.076,0.507,0.03,0.25,0.317,0.056,0.209,0.139
43.67,-79.38,0.037,0.511,0.05,0.257,0.332,0.077,0.146,0.138
43.7,-79.49,0.054,0.478,0.011,0.2,0.295,0.076,0.212,0.207
43.63,-79.43,0.033,0.607,0.125,0.169,0.373,0.073,0.138,0.123
43.71,-79.49,0.065,0.577,0.008,0.22,0.367,0.064,0.133,0.208
43.74,-79.51,0.071,0.45,0.013,0.235,0.351,0.068,0.181,0.152
43.64,-79.58,0.056,0.499,0.013,0.25,0.303,0.095,0.175,0.164
43.81,-79.24,0.046,0.495,0.012,0.212,0.252,0.059,0.315,0.151
43.66,-79.52,0.043,0.418,0.015,0.262,0.292,0.083,0.252,0.096
43.68,-79.55,0.04,0.358,0.026,0.285,0.302,0.074,0.221,0.091
43.69,-79.47,0.072,0.517,0.015,0.198,0.407,0.069,0.116,0.196
43.74,-79.24,0.056,0.57,0.013,0.218,0.495,0.05,0.126,0.098
43.69,-79.49,0.049,0.498,0.026,0.143,0.361,0.078,0.216,0.176
43.62,-79.52,0.034,0.445,0.014,0.25,0.285,0.071,0.251,0.129
43.82,-79.25,0.063,0.54,0.016,0.308,0.268,0.051,0.262,0.095
43.74,-79.4,0.046,0.414,0.236,0.258,0.292,0.054,0.071,0.089
43.74,-79.34,0.061,0.386,0.029,0.389,0.3,0.079,0.077,0.127
43.63,-79.51,0.024,0.377,0.009,0.367,0.208,0.065,0.258,0.094
43.7,-79.39,0.04,0.501,0.057,0.336,0.258,0.092,0.121,0.136
43.77,-79.5,0.07,0.452,0.017,0.19,0.33,0.061,0.147,0.255
43.7,-79.26,0.065,0.529,0.017,0.281,0.438,0.089,0.083,0.091
43.6,-79.5,0.046,0.516,0.013,0.308,0.31,0.065,0.221,0.083
43.66,-79.56,0.032,0.336,0.014,0.265,0.278,0.094,0.268,0.081
43.78,-79.18,0.043,0.378,0.071,0.263,0.391,0.064,0.079,0.132
43.85,-79.21,0.009,0.526,0.012,0.179,0.49,0.038,0.15,0.13
43.81,-79.3,0.051,0.565,0.03,0.212,0.351,0.04,0.238,0.129
43.75,-79.22,0.085,0.434,0.013,0.26,0.497,0.057,0.09,0.082
43.69,-79.35,0.051,0.43,0.014,0.326,0.393,0.059,0.108,0.099
43.78,-79.28,0.049,0.5,0.024,0.202,0.315,0.064,0.25,0.145
43.67,-79.49,0.049,0.484,0.037,0.19,0.346,0.092,0.167,0.168
43.62,-79.57,0.077,0.632,0.015,0.038,0.142,0.028,0.513,0.264
43.83,-79.28,0.058,0.36,0.032,0.36,0.327,0.058,0.121,0.102
43.7,-79.24,0.096,0.567,0.015,0.303,0.46,0.061,0.078,0.084
43.64,-79.36,0.061,0.461,0.027,0.221,0.323,0.022,0.299,0.108
43.58,-79.54,0.065,0.475,0.082,0.369,0.456,0,0.017,0.076
43.63,-79.32,0.007,0.053,0,0.599,0.2,0.123,0.022,0.056
43.64,-79.33,0.136,0.932,0.002,0.049,0.356,0.211,0.252,0.131
43.71,-79.34,0.059,0.477,0.049,0.296,0.28,0.064,0.184,0.127
43.71,-79.55,0.031,0.472,0.017,0.114,0.365,0.073,0.282,0.149
43.7,-79.51,0.062,0.474,0.016,0.198,0.392,0.057,0.17,0.168
43.73,-79.56,0.048,0.455,0.014,0.159,0.325,0.058,0.335,0.108
43.74,-79.26,0.071,0.383,0.019,0.304,0.461,0.048,0.074,0.094
43.84,-79.26,0.04,0.374,0.02,0.294,0.298,0.039,0.229,0.119
43.73,-79.52,0.039,0.457,0.018,0.261,0.251,0.055,0.249,0.166
43.69,-79.53,0.042,0.408,0.017,0.212,0.343,0.067,0.273,0.089
43.75,-79.24,0.068,0.388,0.018,0.238,0.492,0.059,0.099,0.094
43.72,-79.6,0.039,0.401,0.008,0.163,0.366,0.081,0.237,0.146
43.66,-79.32,0.038,0.413,0.031,0.159,0.412,0.051,0.196,0.151
43.75,-79.46,0.049,0.465,0.053,0.225,0.321,0.054,0.194,0.153
43.81,-79.31,0.039,0.392,0.015,0.348,0.428,0.052,0.089,0.068
43.67,-79.29,0.056,0.347,0.033,0.394,0.353,0.082,0.056,0.083
43.73,-79.51,0.045,0.523,0.026,0.257,0.307,0.075,0.159,0.176
43.69,-79.27,0.039,0.41,0.01,0.279,0.436,0.096,0.08,0.1
43.83,-79.24,0.048,0.492,0.014,0.156,0.324,0.059,0.321,0.125
43.62,-79.55,0.038,0.566,0.012,0.14,0.236,0.107,0.335,0.17
43.73,-79.5,0.05,0.415,0.004,0.167,0.396,0.035,0.093,0.305
43.62,-79.37,0.007,0.284,0.027,0.136,0.563,0.061,0.093,0.12
43.81,-79.27,0.08,0.573,0.016,0.326,0.404,0.06,0.101,0.092
43.69,-79.5,0.047,0.435,0.02,0.22,0.35,0.061,0.187,0.161
43.73,-79.53,0.051,0.47,0.009,0.251,0.233,0.055,0.323,0.129
43.7,-79.58,0.047,0.508,0.006,0.063,0.133,0.056,0.528,0.214
43.63,-79.48,0.034,0.543,0.035,0.194,0.362,0.085,0.221,0.102
43.77,-79.26,0.072,0.415,0.026,0.339,0.347,0.056,0.128,0.104
43.65,-79.52,0.043,0.444,0.049,0.32,0.257,0.066,0.224,0.085
43.68,-79.3,0.054,0.43,0.022,0.344,0.39,0.079,0.07,0.095
43.73,-79.46,0.049,0.499,0.027,0.179,0.303,0.083,0.222,0.187
43.76,-79.27,0.063,0.492,0.018,0.23,0.301,0.056,0.267,0.127
43.72,-79.51,0.054,0.533,0.03,0.225,0.307,0.069,0.207,0.162
43.83,-79.26,0.052,0.532,0.016,0.206,0.207,0.083,0.344,0.144
43.67,-79.56,0.037,0.39,0.019,0.236,0.31,0.08,0.25,0.106
43.77,-79.22,0.059,0.363,0.027,0.363,0.394,0.079,0.061,0.078
43.74,-79.41,0.044,0.5,0.051,0.275,0.268,0.092,0.148,0.167
43.77,-79.53,0.056,0.468,0.011,0.206,0.296,0.078,0.275,0.134
43.75,-79.33,0.031,0.359,0.025,0.404,0.283,0.082,0.099,0.107
43.73,-79.32,0.044,0.5,0.025,0.341,0.274,0.062,0.136,0.162
43.78,-79.38,0.059,0.36,0.01,0.458,0.208,0.085,0.087,0.151
43.69,-79.41,0.044,0.442,0.143,0.274,0.265,0.08,0.102,0.137
43.65,-79.5,0.042,0.434,0.028,0.311,0.265,0.092,0.157,0.146
43.76,-79.23,0.063,0.369,0.035,0.316,0.352,0.061,0.117,0.118
43.73,-79.55,0.053,0.446,0.016,0.231,0.339,0.062,0.233,0.119
43.68,-79.29,0.048,0.493,0.029,0.363,0.367,0.095,0.067,0.08
43.74,-79.48,0.062,0.434,0.028,0.246,0.225,0.087,0.296,0.117
43.63,-79.5,0.033,0.408,0.012,0.331,0.258,0.066,0.244,0.09
43.68,-79.28,0.05,0.455,0.021,0.317,0.371,0.091,0.087,0.115
43.73,-79.24,0.071,0.573,0.013,0.246,0.347,0.058,0.24,0.096
43.69,-79.58,0.049,0.505,0.021,0.17,0.29,0.065,0.315,0.139
43.66,-79.59,0.065,0.414,0.028,0.263,0.339,0.078,0.17,0.123
43.73,-79.49,0.076,0.443,0.011,0.277,0.339,0.06,0.124,0.189
43.65,-79.61,0.035,0.558,0.037,0.267,0.188,0.054,0.378,0.077
43.77,-79.45,0.064,0.407,0.017,0.308,0.265,0.071,0.199,0.14
43.72,-79.25,0.103,0.602,0.017,0.219,0.529,0.102,0.063,0.069
43.82,-79.34,0.022,0.492,0.029,0.209,0.341,0.056,0.255,0.11
43.79,-79.15,0.042,0.423,0.014,0.401,0.343,0.05,0.087,0.105
43.68,-79.52,0.052,0.498,0.036,0.273,0.328,0.055,0.227,0.081
43.81,-79.19,0.044,0.406,0.009,0.387,0.278,0.043,0.154,0.129
43.83,-79.16,0.024,0.408,0.015,0.31,0.492,0.038,0.064,0.082
43.78,-79.22,0.06,0.34,0.023,0.336,0.418,0.077,0.066,0.08
43.73,-79.37,0.029,0.394,0.167,0.144,0.387,0.054,0.056,0.192
43.59,-79.51,0.048,0.398,0.033,0.482,0.188,0.029,0.21,0.058
43.72,-79.35,0.047,0.547,0.053,0.281,0.266,0.085,0.194,0.122
40.44,-80.61,0.014,0.166,0.007,0.104,0.623,0.035,0.174,0.057
43.83,-79.19,0.013,0.331,0.057,0.173,0.557,0.057,0.055,0.102
43.76,-79.62,0.013,0.141,0.013,0.132,0.197,0.013,0.474,0.171
43.82,-79.23,0.041,0.518,0.009,0.21,0.325,0.066,0.272,0.119
43.64,-79.44,0.042,0.519,0.022,0.265,0.338,0.092,0.12,0.163
43.68,-79.34,0.061,0.369,0.018,0.319,0.42,0.058,0.087,0.097
43.75,-79.57,0.046,0.482,0.015,0.249,0.325,0.055,0.164,0.19
43.8,-79.22,0.048,0.483,0.024,0.356,0.331,0.077,0.11,0.102
43.76,-79.28,0.056,0.472,0.106,0.266,0.246,0.08,0.164,0.138
43.71,-79.44,0.055,0.451,0.029,0.214,0.365,0.061,0.181,0.152
43.63,-79.42,0.055,0.448,0.418,0.114,0.233,0.052,0.072,0.111
43.79,-79.2,0.091,0.47,0.037,0.357,0.342,0.067,0.099,0.097
43.78,-79.43,0.061,0.444,0.019,0.282,0.292,0.042,0.17,0.195
43.77,-79.23,0.067,0.344,0.025,0.379,0.348,0.059,0.09,0.1
43.65,-79.43,0.054,0.53,0.022,0.241,0.293,0.089,0.146,0.21
43.61,-79.51,0.056,0.599,0.011,0.127,0.487,0.035,0.248,0.091
43.78,-79.26,0.053,0.448,0.032,0.202,0.389,0.081,0.179,0.117
43.75,-79.45,0.057,0.531,0.02,0.267,0.33,0.07,0.15,0.163
43.78,-79.32,0.04,0.357,0.018,0.334,0.376,0.079,0.084,0.109
43.73,-79.31,0.048,0.397,0.042,0.387,0.279,0.057,0.109,0.126
43.75,-79.62,0.055,0.499,0.005,0.173,0.198,0.054,0.406,0.164
43.71,-79.45,0.065,0.499,0.019,0.207,0.313,0.062,0.224,0.174
43.8,-79.32,0.066,0.453,0.018,0.334,0.384,0.057,0.117,0.089
43.63,-79.4,0.038,0.401,0.05,0.409,0.279,0.047,0.118,0.098
43.7,-79.61,0.032,0.499,0.009,0.113,0.303,0.091,0.351,0.133
43.83,-79.29,0.063,0.385,0.023,0.457,0.293,0.069,0.102,0.057
43.65,-79.55,0.033,0.39,0.012,0.24,0.319,0.058,0.271,0.101
43.64,-79.39,0.029,0.498,0.033,0.269,0.322,0.091,0.144,0.141
43.73,-79.44,0.048,0.508,0.016,0.196,0.325,0.053,0.215,0.195
43.78,-79.47,0.064,0.522,0.032,0.259,0.23,0.082,0.272,0.125
43.85,-79.2,0.015,0.443,0.041,0.193,0.513,0.051,0.104,0.098
43.64,-79.49,0.056,0.498,0.011,0.398,0.25,0.044,0.19,0.106
43.66,-79.57,0.039,0.482,0.013,0.209,0.313,0.075,0.284,0.106
43.76,-79.43,0.092,0.425,0.012,0.236,0.365,0.055,0.182,0.151
43.82,-79.22,0.039,0.392,0.025,0.39,0.335,0.065,0.101,0.085
40.46,-80.61,0.066,0.356,0.025,0.063,0.568,0.113,0.121,0.11
43.79,-79.44,0.09,0.394,0.016,0.343,0.29,0.038,0.151,0.163
43.84,-79.22,0.002,0.556,0.012,0.227,0.493,0.04,0.127,0.101
43.77,-79.42,0.08,0.399,0.013,0.314,0.376,0.051,0.148,0.097
43.61,-79.53,0.06,0.459,0.008,0.24,0.229,0.052,0.323,0.147
40.45,-80.61,0.028,0.371,0.024,0.093,0.529,0.063,0.199,0.091
43.77,-79.34,0.028,0.489,0.033,0.23,0.325,0.055,0.211,0.146
43.66,-79.55,0.028,0.368,0.023,0.272,0.276,0.057,0.3,0.072
43.67,-79.42,0.038,0.509,0.012,0.302,0.322,0.076,0.115,0.174
43.65,-79.49,0.036,0.496,0.044,0.326,0.247,0.087,0.113,0.183
43.75,-79.49,0.085,0.505,0.017,0.247,0.326,0.073,0.184,0.152
43.63,-79.36,0.03,0.286,0.021,0.111,0.684,0.055,0.042,0.088
43.64,-79.37,0.038,0.61,0.038,0.18,0.274,0.057,0.227,0.223
44.57,-96.63,0.002,0.266,0,0.103,0.631,0.033,0.215,0.017
43.78,-79.52,0.026,0.487,0.021,0.136,0.363,0.069,0.297,0.114